api;json;status;result
https://dsvc-api.taxcom.ru/v1/organization/property/massaddress;"{""id"": ""4398""}";True;"{""status"": ""0"", ""amount"": null}"
https://dsvc-api.taxcom.ru/v1/address/relation/on_address;"{""paging"": {""item"": 0, ""rows"": 3}, ""id"": ""4398""}";True;"{""status"": ""NONE""}"
https://dsvc-api.taxcom.ru/v1/company/model-list;"{""paging"": {""item"": 0, ""rows"": 3}, ""filters"": {""inn"": ""3803100054""}}";True;"{""paging"": {""item"": 0, ""rows"": 1, ""count"": 1}, ""items"": [{""id"": ""22410743"", ""opfId"": 0, ""fullName"": ""ПУБЛИЧНОЕ АКЦИОНЕРНОЕ ОБЩЕСТВО \""РУСАЛ БРАТСКИЙ АЛЮМИНИЕВЫЙ ЗАВОД\"""", ""shortName"": ""ПАО \""РУСАЛ БРАТСК\"""", ""inn"": ""3803100054"", ""kpp"": ""380401001"", ""ogrn"": ""1023800836377"", ""address"": ""ОБЛАСТЬ ИРКУТСКАЯ, ГОРОД БРАТСК"", ""addressId"": """", ""regionCode"": ""38"", ""regionName"": ""ИРКУТСКАЯ"", ""leaders"": ""ЗАКРЫТОЕ АКЦИОНЕРНОЕ ОБЩЕСТВО \""РУСАЛ ГЛОБАЛ МЕНЕДЖМЕНТ Б.В.\"" (PRIVATE LIMITED LIABILITY COMPANY \""RUSAL GLOBAL MANAGEMENT B.V.\""); ЗАКРЫТОЕ АКЦИОНЕРНОЕ ОБЩЕСТВО \""РУСАЛ ГЛОБАЛ МЕНЕДЖМЕНТ Б.В. \"" (PRIVATE LIMITED LIABILITY COMPANY \""RUSAL GLOBAL MANAGEMENT B.V.\""; ЗАКРЫТОЕ АКЦИОНЕРНОЕ ОБЩЕСТВО \""РУСАЛ ГЛОБАЛ МЕНЕДЖМЕНТ Б.В. \"""", ""founders"": null, ""status"": null, ""statusGroup"": ""0"", ""okvedCode"": ""24.42   "", ""okvedName"": ""Производство алюминия"", ""okvedGroup"": ""3""}]}"
https://dsvc-api.taxcom.ru/v1/company/search;"{""paging"": {""item"": 0, ""rows"": 3}, ""query"": ""такском""}";True;"{""paging"":{""item"":0,""rows"":3,""count"":6},""items"":[{""id"":{""value"":""6046323""},""opfId"":{""value"":0},""fullName"":{""value"":""ОБЩЕСТВО С ОГРАНИЧЕННОЙ ОТВЕТСТВЕННОСТЬЮ \""ТАКСКОМ\"""",""highlights"":[{""from"":42,""to"":49}]},""shortName"":{""value"":""ООО \""ТАКСКОМ\""""},""inn"":{""value"":""7704211201""},""kpp"":{""value"":""770401001""},""ogrn"":{""value"":""1027700071530""},""address"":{""value"":""119034, ГОРОД МОСКВА, ПЕРЕУЛОК БАРЫКОВСКИЙ, 4, СТР.2""},""addressId"":{""value"":""111111""},""regionCode"":{""value"":""77""},""regionName"":{""value"":""Москва""},""leaders"":{""value"":""ПУШКИН СЕРГЕЙ АЛЕКСАНДРОВИЧ""},""founders"":{""value"":""ХАЗОВА ОЛЬГА ИВАНОВНА; ЦАРЕВ НИКОЛАЙ ВЛАДИМИРОВИЧ; ОБЩЕСТВО С ОГРАНИЧЕННОЙ ОТВЕТСТВЕННОСТЬЮ \""БЕЛТОН\""; ОБЩЕСТВО С ОГРАНИЧЕННОЙ ОТВЕТСТВЕННОСТЬЮ \""ДИДЖИТЕСТ\""""},""status"":{""value"":null},""statusGroup"":{""value"":""0""},""okvedCode"":{""value"":""62.01   ""},""okvedName"":{""value"":""Разработка компьютерного программного обеспечения""},""okvedGroup"":{""value"":""10""}},{""id"":{""value"":""22594117""},""opfId"":{""value"":0},""fullName"":{""value"":""ОБЩЕСТВО С ОГРАНИЧЕННОЙ ОТВЕТСТВЕННОСТЬЮ \""ТАКСКОМ\"""",""highlights"":[{""from"":42,""to"":49}]},""shortName"":{""value"":""ООО \""ТАКСКОМ\""""},""inn"":{""value"":""7701865397""},""kpp"":{""value"":""771801001""},""ogrn"":{""value"":""1107746077768""},""address"":{""value"":""107076, ГОРОД МОСКВА, УЛИЦА АТАРБЕКОВА, 4, ЭТАЖ 4; КОМНАТА №2""},""addressId"":{""value"":""111111""},""regionCode"":{""value"":""77""},""regionName"":{""value"":""Москва""},""leaders"":{""value"":""МИХЕЕВ СЕРГЕЙ НИКОЛАЕВИЧ""},""founders"":{""value"":""МИХЕЕВ СЕРГЕЙ НИКОЛАЕВИЧ""},""status"":{""value"":""407""},""statusGroup"":{""value"":""2""},""okvedCode"":{""value"":""46.77   ""},""okvedName"":{""value"":""Торговля оптовая отходами и ломом""},""okvedGroup"":{""value"":""7""}},{""id"":{""value"":""17841378""},""opfId"":{""value"":0},""fullName"":{""value"":""ОБЩЕСТВО С ОГРАНИЧЕННОЙ ОТВЕТСТВЕННОСТЬЮ \""ТАКСКОМ\"""",""highlights"":[{""from"":42,""to"":49}]},""shortName"":{""value"":""ООО \""ТАКСКОМ\""""},""inn"":{""value"":""7810802196""},""kpp"":{""value"":""781001001""},""ogrn"":{""value"":""1107847321647""},""address"":{""value"":""196210, ГОРОД САНКТ-ПЕТЕРБУРГ, УЛИЦА ПИЛОТОВ, ДОМ 26, КОРПУС 1 ЛИТ А, ПОМЕЩЕНИЕ 3Н""},""addressId"":{""value"":""111111""},""regionCode"":{""value"":""78""},""regionName"":{""value"":""Санкт-Петербург""},""leaders"":{""value"":""КОЙВАНЕН РИММА МИХАЙЛОВНА""},""founders"":{""value"":""КОЙВАНЕН РИММА МИХАЙЛОВНА""},""status"":{""value"":null},""statusGroup"":{""value"":""0""},""okvedCode"":{""value"":""46.32   ""},""okvedName"":{""value"":""Торговля оптовая мясом и мясными продуктами""},""okvedGroup"":{""value"":""7""}}]}"
https://dsvc-api.taxcom.ru/v1/disqualified/model-list;"{""paging"": {""item"": 0, ""rows"": 3}, ""filters"": {""lastname"": ""ФЕДОРОВА"", ""firstname"": ""ИРИНА""}}";True;"{""status"": ""NONE""}"
https://dsvc-api.taxcom.ru/v1/disqualifiedperson/model-list;"{""paging"": {""item"": 0, ""rows"": 3}, ""filters"": {""inn"": ""7720753667""}}";True;"{""paging"": {""item"": 0, ""rows"": 3, ""count"": 1}, ""items"": [{""name"": ""ОБЩЕСТВО С ОГРАНИЧЕННОЙ ОТВЕТСТВЕННОСТЬЮ \""АВАНТАЖ\"""", ""ogrn"": ""1127746463833"", ""inn"": ""7720753667"", ""kpp"": ""772001001"", ""address"": ""111558,МОСКВА ГОРОД,,,,ФЕДЕРАТИВНЫЙ ПРОСПЕКТ,35,,ПОМЕЩЕНИЕ 46 КОМНАТ""}]}"
https://dsvc-api.taxcom.ru/v1/entrepreneur/model;"{""id"": ""20547105""}";True;"{""id"":""20547105"",""person_id"":""11123898"",""lastName"":""ИВАНОВ"",""firstName"":""ПЁТР"",""middleName"":""ГЕННАДЬЕВИЧ"",""lastNameLat"":null,""firstNameLat"":null,""middleNameLat"":null,""inn"":""641901324491"",""ogrn"":""309645115600038"",""regDate"":""2009-06-05T00:00:00.000Z"",""endDate"":""2010-04-06T00:00:00.000Z"",""statusCode"":""201"",""statusName"":""Индивидуальный предприниматель прекратил деятельность в связи с принятием им соответствующего решения"",""statusGroup"":""2"",""email"":null}"
https://dsvc-api.taxcom.ru/v1/entrepreneur/property/rsmp;"{""id"": ""20547105""}";True;"{""status"": ""3""}"
https://dsvc-api.taxcom.ru/v1/entrepreneur/property/source-file;"{""id"": ""17112514""}";True;"{""version"": ""4.04"", ""content"": ""PNCh0LLQmNCfINCU0LDRgtCw0JLRi9C/PSIyMDE3LTAzLTA0IiDQntCT0KDQndCY0J89IjMwNDIyMjMyNDQwMDQ0MyIg0JTQsNGC0LDQntCT0KDQndCY0J89IjIwMDQtMDgtMzEiINCY0J3QndCk0Js9IjIyMjUwMDMyNzYzMCIg0JrQvtC00JLQuNC00JjQnz0iMSIg0J3QsNC40LzQktC40LTQmNCfPSLQmNC90LTQuNCy0LjQtNGD0LDQu9GM0L3Ri9C5INC/0YDQtdC00L/RgNC40L3QuNC80LDRgtC10LvRjCI+DQogIDzQodCy0KTQmyDQn9C+0Ls9IjEiPg0KICAgIDzQpNCY0J7QoNGD0YEg0KTQsNC80LjQu9C40Y89ItCg0KPQkdCm0J7QkiIg0JjQvNGPPSLQndCY0JrQntCb0JDQmSIg0J7RgtGH0LXRgdGC0LLQvj0i0J/QldCi0KDQntCS0JjQpyIgLz4NCiAgICA80JPQoNCd0JjQn9CU0LDRgtCwINCT0KDQndCY0J89IjMwNDIyMjMyNDQwMDQ0MyIg0JTQsNGC0LDQl9Cw0L/QuNGB0Lg9IjIwMDQtMDgtMzEiIC8+DQogIDwv0KHQstCk0Js+DQogIDzQodCy0JPRgNCw0LbQtCDQktC40LTQk9GA0LDQttC0PSIxIj4NCiAgICA80JPQoNCd0JjQn9CU0LDRgtCwINCT0KDQndCY0J89IjMwNDIyMjMyNDQwMDQ0MyIg0JTQsNGC0LDQl9Cw0L/QuNGB0Lg9IjIwMDQtMDgtMzEiIC8+DQogIDwv0KHQstCT0YDQsNC20LQ+DQogIDzQodCy0JDQtNGA0JzQlj4NCiAgICA80JDQtNGA0LXRgdCg0KQg0JrQvtC00KDQtdCz0LjQvtC9PSIyMiI+DQogICAgICA80KDQtdCz0LjQvtC9INCi0LjQv9Cg0LXQs9C40L7QvT0i0JrQoNCQ0JkiINCd0LDQuNC80KDQtdCz0LjQvtC9PSLQkNCb0KLQkNCZ0KHQmtCY0JkiIC8+DQogICAgICA80JPQvtGA0L7QtCDQotC40L/Qk9C+0YDQvtC0PSLQk9Ce0KDQntCUIiDQndCw0LjQvNCT0L7RgNC+0LQ9ItCR0JDQoNCd0JDQo9CbIiAvPg0KICAgIDwv0JDQtNGA0LXRgdCg0KQ+DQogICAgPNCT0KDQndCY0J/QlNCw0YLQsCDQk9Cg0J3QmNCfPSIzMDQyMjIzMjQ0MDA0NDMiINCU0LDRgtCw0JfQsNC/0LjRgdC4PSIyMDA0LTA4LTMxIiAvPg0KICA8L9Ch0LLQkNC00YDQnNCWPg0KICA80KHQstCg0LXQs9CY0J8g0J7Qk9Cg0J3QmNCfPSIzMDQyMjIzMjQ0MDA0NDMiINCU0LDRgtCw0J7Qk9Cg0J3QmNCfPSIyMDA0LTA4LTMxIiDQoNC10LPQndC+0Lw9IjI0OTAwIiDQlNCw0YLQsNCg0LXQsz0iMjAwMi0xMi0xMSIg0J3QsNC40LzQoNCePSLQkNCU0JzQmNCd0JjQodCi0KDQkNCm0JjQryDQm9CV0J3QmNCd0KHQmtCe0JPQniDQoNCQ0JnQntCd0JAg0JPQntCg0J7QlNCQINCR0JDQoNCd0JDQo9Cb0JAg0JDQm9Ci0JDQmdCh0JrQntCT0J4g0JrQoNCQ0K8iIC8+DQogIDzQodCy0KDQtdCz0J7RgNCzINCa0L7QtNCd0J49IjIyMjUiINCd0LDQuNC80J3Qnj0i0JzQtdC20YDQsNC50L7QvdC90LDRjyDQuNC90YHQv9C10LrRhtC40Y8g0KTQtdC00LXRgNCw0LvRjNC90L7QuSDQvdCw0LvQvtCz0L7QstC+0Lkg0YHQu9GD0LbQsdGLINCg0L7RgdGB0LjQuCDihJYgMTUg0L/QviDQkNC70YLQsNC50YHQutC+0LzRgyDQutGA0LDRjiIg0JDQtNGA0KDQnj0iLDY1NjA2OCwsLCDQkdCw0YDQvdCw0YPQuyDQsywsINCh0L7RhtC40LDQu9C40YHRgtC40YfQtdGB0LrQuNC5INC/0YAt0LrRgiwg0LQgNDcsLCI+DQogICAgPNCT0KDQndCY0J/QlNCw0YLQsCDQk9Cg0J3QmNCfPSI0MTUyMjIzMDA0MzA4NDEiINCU0LDRgtCw0JfQsNC/0LjRgdC4PSIyMDE1LTA3LTMwIiAvPg0KICA8L9Ch0LLQoNC10LPQntGA0LM+DQogIDzQodCy0KPRh9C10YLQndCeINCY0J3QndCk0Js9IjIyMjUwMDMyNzYzMCIg0JTQsNGC0LDQn9C+0YHRgtCj0Yc9IjIwMDItMTItMTgiPg0KICAgIDzQodCy0J3QniDQmtC+0LTQndCePSIyMjIzIiDQndCw0LjQvNCd0J49ItCc0LXQttGA0LDQudC+0L3QvdCw0Y8g0LjQvdGB0L/QtdC60YbQuNGPINCk0LXQtNC10YDQsNC70YzQvdC+0Lkg0L3QsNC70L7Qs9C+0LLQvtC5INGB0LvRg9C20LHRiyDihJYgMTQg0L/QviDQkNC70YLQsNC50YHQutC+0LzRgyDQutGA0LDRjiIgLz4NCiAgICA80JPQoNCd0JjQn9CU0LDRgtCwINCT0KDQndCY0J89IjQwNTIyMjMwNzQxMjgzNSIg0JTQsNGC0LDQl9Cw0L/QuNGB0Lg9IjIwMDUtMDMtMTUiIC8+DQogIDwv0KHQstCj0YfQtdGC0J3Qnj4NCiAgPNCh0LLQoNC10LPQn9CkINCg0LXQs9Cd0L7QvNCf0KQ9IjAzMjAxMTAxNzY4NCIg0JTQsNGC0LDQoNC10LM9IjIwMDItMTItMTgiPg0KICAgIDzQodCy0J7RgNCz0J/QpCDQmtC+0LTQn9CkPSIwMzIwMTEiINCd0LDQuNC80J/QpD0i0JPQvtGB0YPQtNCw0YDRgdGC0LLQtdC90L3QvtC1INGD0YfRgNC10LbQtNC10L3QuNC1IC0g0KPQv9GA0LDQstC70LXQvdC40LUg0J/QtdC90YHQuNC+0L3QvdC+0LPQviDRhNC+0L3QtNCwINCg0L7RgdGB0LjQudGB0LrQvtC5INCk0LXQtNC10YDQsNGG0LjQuCDQsiDQm9C10L3QuNC90YHQutC+0Lwg0YDQsNC50L7QvdC1INCzLtCR0LDRgNC90LDRg9C70LAiIC8+DQogICAgPNCT0KDQndCY0J/QlNCw0YLQsCDQk9Cg0J3QmNCfPSI0MTYyMjI1MDA0ODczNTUiINCU0LDRgtCw0JfQsNC/0LjRgdC4PSIyMDE2LTA2LTIzIiAvPg0KICA8L9Ch0LLQoNC10LPQn9CkPg0KICA80KHQstCg0LXQs9Ck0KHQoSDQoNC10LPQndC+0LzQpNCh0KE9IjIyMDIwMjAyNjkyMjAyMyIg0JTQsNGC0LDQoNC10LM9IjIwMTUtMTItMzEiPg0KICAgIDzQodCy0J7RgNCz0KTQodChINCa0L7QtNCk0KHQoT0iMjIwMiIg0J3QsNC40LzQpNCh0KE9ItCk0LjQu9C40LDQuyDihJYyINCT0L7RgdGD0LTQsNGA0YHRgtCy0LXQvdC90L7Qs9C+INGD0YfRgNC10LbQtNC10L3QuNGPIC0g0JDQu9GC0LDQudGB0LrQvtCz0L4g0YDQtdCz0LjQvtC90LDQu9GM0L3QvtCz0L4g0L7RgtC00LXQu9C10L3QuNGPINCk0L7QvdC00LAg0YHQvtGG0LjQsNC70YzQvdC+0LPQviDRgdGC0YDQsNGF0L7QstCw0L3QuNGPINCg0KQiIC8+DQogICAgPNCT0KDQndCY0J/QlNCw0YLQsCDQk9Cg0J3QmNCfPSI0MTYyMjI1MDAwNTQ3NDgiINCU0LDRgtCw0JfQsNC/0LjRgdC4PSIyMDE2LTAxLTEyIiAvPg0KICA8L9Ch0LLQoNC10LPQpNCh0KE+DQogIDzQodCy0J7QmtCS0K3QlD4NCiAgICA80KHQstCe0JrQktCt0JTQntGB0L0g0JrQvtC00J7QmtCS0K3QlD0iNjguMjAuMiIg0J3QsNC40LzQntCa0JLQrdCUPSLQkNGA0LXQvdC00LAg0Lgg0YPQv9GA0LDQstC70LXQvdC40LUg0YHQvtCx0YHRgtCy0LXQvdC90YvQvCDQuNC70Lgg0LDRgNC10L3QtNC+0LLQsNC90L3Ri9C8INC90LXQttC40LvRi9C8INC90LXQtNCy0LjQttC40LzRi9C8INC40LzRg9GJ0LXRgdGC0LLQvtC8IiDQn9GA0JLQtdGA0YHQntCa0JLQrdCUPSIyMDE0Ij4NCiAgICAgIDzQk9Cg0J3QmNCf0JTQsNGC0LAg0JPQoNCd0JjQnz0iNDA5MjIyMzA0MjAwMDQxIiDQlNCw0YLQsNCX0LDQv9C40YHQuD0iMjAwOS0wMi0xMSIgLz4NCiAgICA8L9Ch0LLQntCa0JLQrdCU0J7RgdC9Pg0KICAgIDzQodCy0J7QmtCS0K3QlNCU0L7QvyDQmtC+0LTQntCa0JLQrdCUPSI0NS4xMS4xIiDQndCw0LjQvNCe0JrQktCt0JQ9ItCi0L7RgNCz0L7QstC70Y8g0L7Qv9GC0L7QstCw0Y8g0LvQtdCz0LrQvtCy0YvQvNC4INCw0LLRgtC+0LzQvtCx0LjQu9GP0LzQuCDQuCDQu9C10LPQutC40LzQuCDQsNCy0YLQvtGC0YDQsNC90YHQv9C+0YDRgtC90YvQvNC4INGB0YDQtdC00YHRgtCy0LDQvNC4IiDQn9GA0JLQtdGA0YHQntCa0JLQrdCUPSIyMDE0Ij4NCiAgICAgIDzQk9Cg0J3QmNCf0JTQsNGC0LAg0JPQoNCd0JjQnz0iNDA5MjIyMzA0MjAwMDQxIiDQlNCw0YLQsNCX0LDQv9C40YHQuD0iMjAwOS0wMi0xMSIgLz4NCiAgICA8L9Ch0LLQntCa0JLQrdCU0JTQvtC/Pg0KICAgIDzQodCy0J7QmtCS0K3QlNCU0L7QvyDQmtC+0LTQntCa0JLQrdCUPSI0NS4xMS4yIiDQndCw0LjQvNCe0JrQktCt0JQ9ItCi0L7RgNCz0L7QstC70Y8g0YDQvtC30L3QuNGH0L3QsNGPINC70LXQs9C60L7QstGL0LzQuCDQsNCy0YLQvtC80L7QsdC40LvRj9C80Lgg0Lgg0LvQtdCz0LrQuNC80Lgg0LDQstGC0L7RgtGA0LDQvdGB0L/QvtGA0YLQvdGL0LzQuCDRgdGA0LXQtNGB0YLQstCw0LzQuCDQsiDRgdC/0LXRhtC40LDQu9C40LfQuNGA0L7QstCw0L3QvdGL0YUg0LzQsNCz0LDQt9C40L3QsNGFIiDQn9GA0JLQtdGA0YHQntCa0JLQrdCUPSIyMDE0Ij4NCiAgICAgIDzQk9Cg0J3QmNCf0JTQsNGC0LAg0JPQoNCd0JjQnz0iNDA5MjIyMzA0MjAwMDQxIiDQlNCw0YLQsNCX0LDQv9C40YHQuD0iMjAwOS0wMi0xMSIgLz4NCiAgICA8L9Ch0LLQntCa0JLQrdCU0JTQvtC/Pg0KICAgIDzQodCy0J7QmtCS0K3QlNCU0L7QvyDQmtC+0LTQntCa0JLQrdCUPSI0NS4xMS4zIiDQndCw0LjQvNCe0JrQktCt0JQ9ItCi0L7RgNCz0L7QstC70Y8g0YDQvtC30L3QuNGH0L3QsNGPINC70LXQs9C60L7QstGL0LzQuCDQsNCy0YLQvtC80L7QsdC40LvRj9C80Lgg0Lgg0LvQtdCz0LrQuNC80Lgg0LDQstGC0L7RgtGA0LDQvdGB0L/QvtGA0YLQvdGL0LzQuCDRgdGA0LXQtNGB0YLQstCw0LzQuCDQv9GA0L7Rh9Cw0Y8iINCf0YDQktC10YDRgdCe0JrQktCt0JQ9IjIwMTQiPg0KICAgICAgPNCT0KDQndCY0J/QlNCw0YLQsCDQk9Cg0J3QmNCfPSI0MDkyMjIzMDQyMDAwNDEiINCU0LDRgtCw0JfQsNC/0LjRgdC4PSIyMDA5LTAyLTExIiAvPg0KICAgIDwv0KHQstCe0JrQktCt0JTQlNC+0L8+DQogICAgPNCh0LLQntCa0JLQrdCU0JTQvtC/INCa0L7QtNCe0JrQktCt0JQ9IjQ1LjExLjQiINCd0LDQuNC80J7QmtCS0K3QlD0i0KLQvtGA0LPQvtCy0LvRjyDQvtC/0YLQvtCy0LDRjyDQu9C10LPQutC+0LLRi9C80Lgg0LDQstGC0L7QvNC+0LHQuNC70Y/QvNC4INC4INC70LXQs9C60LjQvNC4INCw0LLRgtC+0YLRgNCw0L3RgdC/0L7RgNGC0L3Ri9C80Lgg0YHRgNC10LTRgdGC0LLQsNC80Lgg0LfQsCDQstC+0LfQvdCw0LPRgNCw0LbQtNC10L3QuNC1INC40LvQuCDQvdCwINC00L7Qs9C+0LLQvtGA0L3QvtC5INC+0YHQvdC+0LLQtSIg0J/RgNCS0LXRgNGB0J7QmtCS0K3QlD0iMjAxNCI+DQogICAgICA80JPQoNCd0JjQn9CU0LDRgtCwINCT0KDQndCY0J89IjQwOTIyMjMwNDIwMDA0MSIg0JTQsNGC0LDQl9Cw0L/QuNGB0Lg9IjIwMDktMDItMTEiIC8+DQogICAgPC/QodCy0J7QmtCS0K3QlNCU0L7Qvz4NCiAgICA80KHQstCe0JrQktCt0JTQlNC+0L8g0JrQvtC00J7QmtCS0K3QlD0iNDUuMTkuMSIg0J3QsNC40LzQntCa0JLQrdCUPSLQotC+0YDQs9C+0LLQu9GPINC+0L/RgtC+0LLQsNGPINC/0YDQvtGH0LjQvNC4INCw0LLRgtC+0YLRgNCw0L3RgdC/0L7RgNGC0L3Ri9C80Lgg0YHRgNC10LTRgdGC0LLQsNC80LgsINC60YDQvtC80LUg0L/QsNGB0YHQsNC20LjRgNGB0LrQuNGFIiDQn9GA0JLQtdGA0YHQntCa0JLQrdCUPSIyMDE0Ij4NCiAgICAgIDzQk9Cg0J3QmNCf0JTQsNGC0LAg0JPQoNCd0JjQnz0iNDA5MjIyMzA0MjAwMDQxIiDQlNCw0YLQsNCX0LDQv9C40YHQuD0iMjAwOS0wMi0xMSIgLz4NCiAgICA8L9Ch0LLQntCa0JLQrdCU0JTQvtC/Pg0KICAgIDzQodCy0J7QmtCS0K3QlNCU0L7QvyDQmtC+0LTQntCa0JLQrdCUPSI0NS4xOS4yIiDQndCw0LjQvNCe0JrQktCt0JQ9ItCi0L7RgNCz0L7QstC70Y8g0YDQvtC30L3QuNGH0L3QsNGPINC/0YDQvtGH0LjQvNC4INCw0LLRgtC+0YLRgNCw0L3RgdC/0L7RgNGC0L3Ri9C80Lgg0YHRgNC10LTRgdGC0LLQsNC80LgsINC60YDQvtC80LUg0L/QsNGB0YHQsNC20LjRgNGB0LrQuNGFLCDQsiDRgdC/0LXRhtC40LDQu9C40LfQuNGA0L7QstCw0L3QvdGL0YUg0LzQsNCz0LDQt9C40L3QsNGFIiDQn9GA0JLQtdGA0YHQntCa0JLQrdCUPSIyMDE0Ij4NCiAgICAgIDzQk9Cg0J3QmNCf0JTQsNGC0LAg0JPQoNCd0JjQnz0iNDA5MjIyMzA0MjAwMDQxIiDQlNCw0YLQsNCX0LDQv9C40YHQuD0iMjAwOS0wMi0xMSIgLz4NCiAgICA8L9Ch0LLQntCa0JLQrdCU0JTQvtC/Pg0KICAgIDzQodCy0J7QmtCS0K3QlNCU0L7QvyDQmtC+0LTQntCa0JLQrdCUPSI0NS4xOS4zIiDQndCw0LjQvNCe0JrQktCt0JQ9ItCi0L7RgNCz0L7QstC70Y8g0YDQvtC30L3QuNGH0L3QsNGPINC/0YDQvtGH0LjQvNC4INCw0LLRgtC+0YLRgNCw0L3RgdC/0L7RgNGC0L3Ri9C80Lgg0YHRgNC10LTRgdGC0LLQsNC80LgsINC60YDQvtC80LUg0L/QsNGB0YHQsNC20LjRgNGB0LrQuNGFLCDQv9GA0L7Rh9Cw0Y8iINCf0YDQktC10YDRgdCe0JrQktCt0JQ9IjIwMTQiPg0KICAgICAgPNCT0KDQndCY0J/QlNCw0YLQsCDQk9Cg0J3QmNCfPSI0MDkyMjIzMDQyMDAwNDEiINCU0LDRgtCw0JfQsNC/0LjRgdC4PSIyMDA5LTAyLTExIiAvPg0KICAgIDwv0KHQstCe0JrQktCt0JTQlNC+0L8+DQogICAgPNCh0LLQntCa0JLQrdCU0JTQvtC/INCa0L7QtNCe0JrQktCt0JQ9IjQ1LjE5LjQiINCd0LDQuNC80J7QmtCS0K3QlD0i0KLQvtGA0LPQvtCy0LvRjyDQvtC/0YLQvtCy0LDRjyDQv9GA0L7Rh9C40LzQuCDQsNCy0YLQvtGC0YDQsNC90YHQv9C+0YDRgtC90YvQvNC4INGB0YDQtdC00YHRgtCy0LDQvNC4LCDQutGA0L7QvNC1INC/0LDRgdGB0LDQttC40YDRgdC60LjRhSwg0LfQsCDQstC+0LfQvdCw0LPRgNCw0LbQtNC10L3QuNC1INC40LvQuCDQvdCwINC00L7Qs9C+0LLQvtGA0L3QvtC5INC+0YHQvdC+0LLQtSIg0J/RgNCS0LXRgNGB0J7QmtCS0K3QlD0iMjAxNCI+DQogICAgICA80JPQoNCd0JjQn9CU0LDRgtCwINCT0KDQndCY0J89IjQwOTIyMjMwNDIwMDA0MSIg0JTQsNGC0LDQl9Cw0L/QuNGB0Lg9IjIwMDktMDItMTEiIC8+DQogICAgPC/QodCy0J7QmtCS0K3QlNCU0L7Qvz4NCiAgICA80KHQstCe0JrQktCt0JTQlNC+0L8g0JrQvtC00J7QmtCS0K3QlD0iNDUuMjAuMSIg0J3QsNC40LzQntCa0JLQrdCUPSLQotC10YXQvdC40YfQtdGB0LrQvtC1INC+0LHRgdC70YPQttC40LLQsNC90LjQtSDQuCDRgNC10LzQvtC90YIg0LvQtdCz0LrQvtCy0YvRhSDQsNCy0YLQvtC80L7QsdC40LvQtdC5INC4INC70LXQs9C60LjRhSDQs9GA0YPQt9C+0LLRi9GFINCw0LLRgtC+0YLRgNCw0L3RgdC/0L7RgNGC0L3Ri9GFINGB0YDQtdC00YHRgtCyIiDQn9GA0JLQtdGA0YHQntCa0JLQrdCUPSIyMDE0Ij4NCiAgICAgIDzQk9Cg0J3QmNCf0JTQsNGC0LAg0JPQoNCd0JjQnz0iNDA5MjIyMzA0MjAwMDQxIiDQlNCw0YLQsNCX0LDQv9C40YHQuD0iMjAwOS0wMi0xMSIgLz4NCiAgICA8L9Ch0LLQntCa0JLQrdCU0JTQvtC/Pg0KICAgIDzQodCy0J7QmtCS0K3QlNCU0L7QvyDQmtC+0LTQntCa0JLQrdCUPSI0NS4yMC4yIiDQndCw0LjQvNCe0JrQktCt0JQ9ItCi0LXRhdC90LjRh9C10YHQutC+0LUg0L7QsdGB0LvRg9C20LjQstCw0L3QuNC1INC4INGA0LXQvNC+0L3RgiDQv9GA0L7Rh9C40YUg0LDQstGC0L7RgtGA0LDQvdGB0L/QvtGA0YLQvdGL0YUg0YHRgNC10LTRgdGC0LIiINCf0YDQktC10YDRgdCe0JrQktCt0JQ9IjIwMTQiPg0KICAgICAgPNCT0KDQndCY0J/QlNCw0YLQsCDQk9Cg0J3QmNCfPSI0MDkyMjIzMDQyMDAwNDEiINCU0LDRgtCw0JfQsNC/0LjRgdC4PSIyMDA5LTAyLTExIiAvPg0KICAgIDwv0KHQstCe0JrQktCt0JTQlNC+0L8+DQogICAgPNCh0LLQntCa0JLQrdCU0JTQvtC/INCa0L7QtNCe0JrQktCt0JQ9IjQ1LjMxLjEiINCd0LDQuNC80J7QmtCS0K3QlD0i0KLQvtGA0LPQvtCy0LvRjyDQvtC/0YLQvtCy0LDRjyDQsNCy0YLQvtC80L7QsdC40LvRjNC90YvQvNC4INC00LXRgtCw0LvRj9C80LgsINGD0LfQu9Cw0LzQuCDQuCDQv9GA0LjQvdCw0LTQu9C10LbQvdC+0YHRgtGP0LzQuCwg0LrRgNC+0LzQtSDQtNC10Y/RgtC10LvRjNC90L7RgdGC0Lgg0LDQs9C10L3RgtC+0LIiINCf0YDQktC10YDRgdCe0JrQktCt0JQ9IjIwMTQiPg0KICAgICAgPNCT0KDQndCY0J/QlNCw0YLQsCDQk9Cg0J3QmNCfPSI0MDkyMjIzMDQyMDAwNDEiINCU0LDRgtCw0JfQsNC/0LjRgdC4PSIyMDA5LTAyLTExIiAvPg0KICAgIDwv0KHQstCe0JrQktCt0JTQlNC+0L8+DQogICAgPNCh0LLQntCa0JLQrdCU0JTQvtC/INCa0L7QtNCe0JrQktCt0JQ9IjQ1LjMyIiDQndCw0LjQvNCe0JrQktCt0JQ9ItCi0L7RgNCz0L7QstC70Y8g0YDQvtC30L3QuNGH0L3QsNGPINCw0LLRgtC+0LzQvtCx0LjQu9GM0L3Ri9C80Lgg0LTQtdGC0LDQu9GP0LzQuCwg0YPQt9C70LDQvNC4INC4INC/0YDQuNC90LDQtNC70LXQttC90L7RgdGC0Y/QvNC4IiDQn9GA0JLQtdGA0YHQntCa0JLQrdCUPSIyMDE0Ij4NCiAgICAgIDzQk9Cg0J3QmNCf0JTQsNGC0LAg0JPQoNCd0JjQnz0iNDA5MjIyMzA0MjAwMDQxIiDQlNCw0YLQsNCX0LDQv9C40YHQuD0iMjAwOS0wMi0xMSIgLz4NCiAgICA8L9Ch0LLQntCa0JLQrdCU0JTQvtC/Pg0KICAgIDzQodCy0J7QmtCS0K3QlNCU0L7QvyDQmtC+0LTQntCa0JLQrdCUPSI0Ni43MS4yIiDQndCw0LjQvNCe0JrQktCt0JQ9ItCi0L7RgNCz0L7QstC70Y8g0L7Qv9GC0L7QstCw0Y8g0LzQvtGC0L7RgNC90YvQvCDRgtC+0L/Qu9C40LLQvtC8LCDQstC60LvRjtGH0LDRjyDQsNCy0LjQsNGG0LjQvtC90L3Ri9C5INCx0LXQvdC30LjQvSIg0J/RgNCS0LXRgNGB0J7QmtCS0K3QlD0iMjAxNCI+DQogICAgICA80JPQoNCd0JjQn9CU0LDRgtCwINCT0KDQndCY0J89IjQwOTIyMjMwNDIwMDA0MSIg0JTQsNGC0LDQl9Cw0L/QuNGB0Lg9IjIwMDktMDItMTEiIC8+DQogICAgPC/QodCy0J7QmtCS0K3QlNCU0L7Qvz4NCiAgICA80KHQstCe0JrQktCt0JTQlNC+0L8g0JrQvtC00J7QmtCS0K3QlD0iNTIuMTAuMjEiINCd0LDQuNC80J7QmtCS0K3QlD0i0KXRgNCw0L3QtdC90LjQtSDQuCDRgdC60LvQsNC00LjRgNC+0LLQsNC90LjQtSDQvdC10YTRgtC4INC4INC/0YDQvtC00YPQutGC0L7QsiDQtdC1INC/0LXRgNC10YDQsNCx0L7RgtC60LgiINCf0YDQktC10YDRgdCe0JrQktCt0JQ9IjIwMTQiPg0KICAgICAgPNCT0KDQndCY0J/QlNCw0YLQsCDQk9Cg0J3QmNCfPSI0MDkyMjIzMDQyMDAwNDEiINCU0LDRgtCw0JfQsNC/0LjRgdC4PSIyMDA5LTAyLTExIiAvPg0KICAgIDwv0KHQstCe0JrQktCt0JTQlNC+0L8+DQogICAgPNCh0LLQntCa0JLQrdCU0JTQvtC/INCa0L7QtNCe0JrQktCt0JQ9IjUyLjIxLjI0IiDQndCw0LjQvNCe0JrQktCt0JQ9ItCU0LXRj9GC0LXQu9GM0L3QvtGB0YLRjCDRgdGC0L7Rj9C90L7QuiDQtNC70Y8g0YLRgNCw0L3RgdC/0L7RgNGC0L3Ri9GFINGB0YDQtdC00YHRgtCyIiDQn9GA0JLQtdGA0YHQntCa0JLQrdCUPSIyMDE0Ij4NCiAgICAgIDzQk9Cg0J3QmNCf0JTQsNGC0LAg0JPQoNCd0JjQnz0iNDA5MjIyMzA0MjAwMDQxIiDQlNCw0YLQsNCX0LDQv9C40YHQuD0iMjAwOS0wMi0xMSIgLz4NCiAgICA8L9Ch0LLQntCa0JLQrdCU0JTQvtC/Pg0KICAgIDzQodCy0J7QmtCS0K3QlNCU0L7QvyDQmtC+0LTQntCa0JLQrdCUPSI1Mi4yOSIg0J3QsNC40LzQntCa0JLQrdCUPSLQlNC10Y/RgtC10LvRjNC90L7RgdGC0Ywg0LLRgdC/0L7QvNC+0LPQsNGC0LXQu9GM0L3QsNGPINC/0YDQvtGH0LDRjywg0YHQstGP0LfQsNC90L3QsNGPINGBINC/0LXRgNC10LLQvtC30LrQsNC80LgiINCf0YDQktC10YDRgdCe0JrQktCt0JQ9IjIwMTQiPg0KICAgICAgPNCT0KDQndCY0J/QlNCw0YLQsCDQk9Cg0J3QmNCfPSI0MDkyMjIzMDQyMDAwNDEiINCU0LDRgtCw0JfQsNC/0LjRgdC4PSIyMDA5LTAyLTExIiAvPg0KICAgIDwv0KHQstCe0JrQktCt0JTQlNC+0L8+DQogICAgPNCh0LLQntCa0JLQrdCU0JTQvtC/INCa0L7QtNCe0JrQktCt0JQ9IjY4LjIwIiDQndCw0LjQvNCe0JrQktCt0JQ9ItCQ0YDQtdC90LTQsCDQuCDRg9C/0YDQsNCy0LvQtdC90LjQtSDRgdC+0LHRgdGC0LLQtdC90L3Ri9C8INC40LvQuCDQsNGA0LXQvdC00L7QstCw0L3QvdGL0Lwg0L3QtdC00LLQuNC20LjQvNGL0Lwg0LjQvNGD0YnQtdGB0YLQstC+0LwiINCf0YDQktC10YDRgdCe0JrQktCt0JQ9IjIwMTQiPg0KICAgICAgPNCT0KDQndCY0J/QlNCw0YLQsCDQk9Cg0J3QmNCfPSIzMDQyMjIzMjQ0MDA0NDMiINCU0LDRgtCw0JfQsNC/0LjRgdC4PSIyMDA0LTA4LTMxIiAvPg0KICAgIDwv0KHQstCe0JrQktCt0JTQlNC+0L8+DQogIDwv0KHQstCe0JrQktCt0JQ+DQogIDzQodCy0JfQsNC/0JXQk9Cg0JjQnyDQmNC00JfQsNC/PSIzMDQyMjIzMjQ0MDA0NDMiINCT0KDQndCY0J89IjMwNDIyMjMyNDQwMDQ0MyIg0JTQsNGC0LDQl9Cw0L89IjIwMDQtMDgtMzEiPg0KICAgIDzQktC40LTQl9Cw0L8g0JrQvtC00KHQn9CS0Jc9IjIxMTExIiDQndCw0LjQvNCS0LjQtNCX0LDQvz0iKNCgMjcwMDEpINCS0L3QtdGB0LXQvdC40LUg0YHQstC10LTQtdC90LjQuSDQvtCxINCY0J8sINC30LDRgNC10LPQuNGB0YLRgNC40YDQvtCy0LDQvdC90L7QvCDQtNC+IDAxLjAxLjIwMDQiIC8+DQogICAgPNCh0LLQoNC10LPQntGA0LMg0JrQvtC00J3Qnj0iMjIyMyIg0J3QsNC40LzQndCePSLQmNC90YHQv9C10LrRhtC40Y8g0JzQuNC90LjRgdGC0LXRgNGB0YLQstCwINCg0L7RgdGB0LjQudGB0LrQvtC5INCk0LXQtNC10YDQsNGG0LjQuCDQv9C+INC90LDQu9C+0LPQsNC8INC4INGB0LHQvtGA0LDQvCDQv9C+INCb0LXQvdC40L3RgdC60L7QvNGDINGA0LDQudC+0L3RgyDQsy7QkdCw0YDQvdCw0YPQu9CwINCQ0LvRgtCw0LnRgdC60L7Qs9C+INC60YDQsNGPIiAvPg0KICAgIDzQodCy0LXQtNCf0YDQtdC00JTQvtC6Pg0KICAgICAgPNCd0LDQuNC80JTQvtC6PtCX0LDRj9Cy0LvQtdC90LjQtSDQviDQstC90LXRgdC10L3QuNC4INCyINCV0LTQuNC90YvQuSDQs9C+0YHRg9C00LDRgNGB0YLQstC10L3QvdGL0Lkg0YDQtdC10YHRgtGAINC40L3QtNC40LLQuNC00YPQsNC70YzQvdGL0YUg0L/RgNC10LTQv9GA0LjQvdC40LzQsNGC0LXQu9C10Lkg0LfQsNC/0LjRgdC4INC+0LEg0LjQvdC00LjQstC40LTRg9Cw0LvRjNC90L7QvCDQv9GA0LXQtNC/0YDQuNC90LjQvNCw0YLQtdC70LUsINC30LDRgNC10LPQuNGB0YLRgNC40YDQvtCy0LDQvdC90L7QvCDQtNC+IDEg0Y/QvdCy0LDRgNGPIDIwMDQg0LMuPC/QndCw0LjQvNCU0L7Quj4NCiAgICAgIDzQndC+0LzQlNC+0Lo+MzY3NTwv0J3QvtC80JTQvtC6Pg0KICAgIDwv0KHQstC10LTQn9GA0LXQtNCU0L7Quj4NCiAgICA80KHQstC10LTQn9GA0LXQtNCU0L7Quj4NCiAgICAgIDzQndCw0LjQvNCU0L7Quj7QlNC+0LrRg9C80LXQvdGCLCDRg9C00L7RgdGC0L7QstC10YDRj9GO0YnQuNC5INC70LjRh9C90L7RgdGC0Ywg0LPRgNCw0LbQtNCw0L3QuNC90LAg0KDQvtGB0YHQuNC4PC/QndCw0LjQvNCU0L7Quj4NCiAgICA8L9Ch0LLQtdC00J/RgNC10LTQlNC+0Lo+DQogICAgPNCh0LLQtdC00J/RgNC10LTQlNC+0Lo+DQogICAgICA80J3QsNC40LzQlNC+0Lo+0JTQvtC60YPQvNC10L3Rgiwg0L/QvtC00YLQstC10YDQttC00LDRjtGJ0LjQuSDQs9C+0YHRgNC10LPQuNGB0YLRgNCw0YbQuNGOINCyINC60LDRh9C10YHRgtCy0LUg0LjQvdC00LjQstC40LTRg9Cw0LvRjNC90L7Qs9C+INC/0YDQtdC00L/RgNC40L3QuNC80LDRgtC10LvRjzwv0J3QsNC40LzQlNC+0Lo+DQogICAgICA80J3QvtC80JTQvtC6PjM2NzU8L9Cd0L7QvNCU0L7Quj4NCiAgICA8L9Ch0LLQtdC00J/RgNC10LTQlNC+0Lo+DQogICAgPNCh0LLQodCy0LjQtCDQodC10YDQuNGPPSIyMiIg0J3QvtC80LXRgD0iMDAxMzI2NDU4IiDQlNCw0YLQsNCS0YvQtNCh0LLQuNC0PSIyMDA0LTA4LTMxIiAvPg0KICA8L9Ch0LLQl9Cw0L/QldCT0KDQmNCfPg0KICA80KHQstCX0LDQv9CV0JPQoNCY0J8g0JjQtNCX0LDQvz0iNDA0MjIyMzI4MDAyMzUwIiDQk9Cg0J3QmNCfPSI0MDQyMjIzMjgwMDIzNTAiINCU0LDRgtCw0JfQsNC/PSIyMDA0LTEwLTA2Ij4NCiAgICA80JLQuNC00JfQsNC/INCa0L7QtNCh0J/QktCXPSIyMzMwMCIg0J3QsNC40LzQktC40LTQl9Cw0L89ItCS0L3QtdGB0LXQvdC40LUg0YHQstC10LTQtdC90LjQuSDQviDRgNC10LPQuNGB0YLRgNCw0YbQuNC4INCyINCf0KQg0KDQpCIgLz4NCiAgICA80KHQstCg0LXQs9Ce0YDQsyDQmtC+0LTQndCePSIyMjIzIiDQndCw0LjQvNCd0J49ItCY0L3RgdC/0LXQutGG0LjRjyDQnNC40L3QuNGB0YLQtdGA0YHRgtCy0LAg0KDQvtGB0YHQuNC50YHQutC+0Lkg0KTQtdC00LXRgNCw0YbQuNC4INC/0L4g0L3QsNC70L7Qs9Cw0Lwg0Lgg0YHQsdC+0YDQsNC8INC/0L4g0JvQtdC90LjQvdGB0LrQvtC80YMg0YDQsNC50L7QvdGDINCzLtCR0LDRgNC90LDRg9C70LAg0JDQu9GC0LDQudGB0LrQvtCz0L4g0LrRgNCw0Y8iIC8+DQogIDwv0KHQstCX0LDQv9CV0JPQoNCY0J8+DQogIDzQodCy0JfQsNC/0JXQk9Cg0JjQnyDQmNC00JfQsNC/PSI0MDUyMjIzMDUyMTU2MTkiINCT0KDQndCY0J89IjQwNTIyMjMwNTIxNTYxOSIg0JTQsNGC0LDQl9Cw0L89IjIwMDUtMDItMjEiPg0KICAgIDzQktC40LTQl9Cw0L8g0JrQvtC00KHQn9CS0Jc9IjIzMzAwIiDQndCw0LjQvNCS0LjQtNCX0LDQvz0i0JLQvdC10YHQtdC90LjQtSDRgdCy0LXQtNC10L3QuNC5INC+INGA0LXQs9C40YHRgtGA0LDRhtC40Lgg0LIg0J/QpCDQoNCkIiAvPg0KICAgIDzQodCy0KDQtdCz0J7RgNCzINCa0L7QtNCd0J49IjIyMjMiINCd0LDQuNC80J3Qnj0i0JjQvdGB0L/QtdC60YbQuNGPINCk0LXQtNC10YDQsNC70YzQvdC+0Lkg0L3QsNC70L7Qs9C+0LLQvtC5INGB0LvRg9C20LHRiyDQv9C+INCb0LXQvdC40L3RgdC60L7QvNGDINGA0LDQudC+0L3RgyDQsy7QkdCw0YDQvdCw0YPQu9CwIiAvPg0KICA8L9Ch0LLQl9Cw0L/QldCT0KDQmNCfPg0KICA80KHQstCX0LDQv9CV0JPQoNCY0J8g0JjQtNCX0LDQvz0iNDA1MjIyMzA3NDEyODM1IiDQk9Cg0J3QmNCfPSI0MDUyMjIzMDc0MTI4MzUiINCU0LDRgtCw0JfQsNC/PSIyMDA1LTAzLTE1Ij4NCiAgICA80JLQuNC00JfQsNC/INCa0L7QtNCh0J/QktCXPSIyMzIwMCIg0J3QsNC40LzQktC40LTQl9Cw0L89ItCS0L3QtdGB0LXQvdC40LUg0YHQstC10LTQtdC90LjQuSDQvtCxINGD0YfQtdGC0LUg0LIg0L3QsNC70L7Qs9C+0LLQvtC8INC+0YDQs9Cw0L3QtSIgLz4NCiAgICA80KHQstCg0LXQs9Ce0YDQsyDQmtC+0LTQndCePSIyMjIzIiDQndCw0LjQvNCd0J49ItCY0L3RgdC/0LXQutGG0LjRjyDQpNC10LTQtdGA0LDQu9GM0L3QvtC5INC90LDQu9C+0LPQvtCy0L7QuSDRgdC70YPQttCx0Ysg0L/QviDQm9C10L3QuNC90YHQutC+0LzRgyDRgNCw0LnQvtC90YMg0LMu0JHQsNGA0L3QsNGD0LvQsCIgLz4NCiAgPC/QodCy0JfQsNC/0JXQk9Cg0JjQnz4NCiAgPNCh0LLQl9Cw0L/QldCT0KDQmNCfINCY0LTQl9Cw0L89IjQwNTIyMjMwOTAwMDEwMiIg0JPQoNCd0JjQnz0iNDA1MjIyMzA5MDAwMTAyIiDQlNCw0YLQsNCX0LDQvz0iMjAwNS0wMy0zMSI+DQogICAgPNCS0LjQtNCX0LDQvyDQmtC+0LTQodCf0JLQlz0iMjM0MDAiINCd0LDQuNC80JLQuNC00JfQsNC/PSLQktC90LXRgdC10L3QuNC1INGB0LLQtdC00LXQvdC40Lkg0L4g0YDQtdCz0LjRgdGC0YDQsNGG0LjQuCDQsiDQpNCh0KEg0KDQpCIgLz4NCiAgICA80KHQstCg0LXQs9Ce0YDQsyDQmtC+0LTQndCePSIyMjIzIiDQndCw0LjQvNCd0J49ItCY0L3RgdC/0LXQutGG0LjRjyDQpNC10LTQtdGA0LDQu9GM0L3QvtC5INC90LDQu9C+0LPQvtCy0L7QuSDRgdC70YPQttCx0Ysg0L/QviDQm9C10L3QuNC90YHQutC+0LzRgyDRgNCw0LnQvtC90YMg0LMu0JHQsNGA0L3QsNGD0LvQsCIgLz4NCiAgPC/QodCy0JfQsNC/0JXQk9Cg0JjQnz4NCiAgPNCh0LLQl9Cw0L/QldCT0KDQmNCfINCY0LTQl9Cw0L89IjQwOTIyMjMwNDIwMDA0MSIg0JPQoNCd0JjQnz0iNDA5MjIyMzA0MjAwMDQxIiDQlNCw0YLQsNCX0LDQvz0iMjAwOS0wMi0xMSI+DQogICAgPNCS0LjQtNCX0LDQvyDQmtC+0LTQodCf0JLQlz0iMjIxMTEiINCd0LDQuNC80JLQuNC00JfQsNC/PSIo0KAyNDAwMSkg0JLQvdC10YHQtdC90LjQtSDQuNC30LzQtdC90LXQvdC40Lkg0LIg0YHQstC10LTQtdC90LjRjyDQvtCxINCY0J8iIC8+DQogICAgPNCh0LLQoNC10LPQntGA0LMg0JrQvtC00J3Qnj0iMjIyMyIg0J3QsNC40LzQndCePSLQnNC10LbRgNCw0LnQvtC90L3QsNGPINC40L3RgdC/0LXQutGG0LjRjyDQpNC10LTQtdGA0LDQu9GM0L3QvtC5INC90LDQu9C+0LPQvtCy0L7QuSDRgdC70YPQttCx0Ysg0KDQvtGB0YHQuNC4IOKEliAxNCDQv9C+INCQ0LvRgtCw0LnRgdC60L7QvNGDINC60YDQsNGOIiAvPg0KICAgIDzQodCy0LXQtNCf0YDQtdC00JTQvtC6Pg0KICAgICAgPNCd0LDQuNC80JTQvtC6PtCX0LDRj9Cy0LvQtdC90LjQtSDQviDQstC90LXRgdC10L3QuNC4INC40LfQvNC10L3QtdC90LjQuSDQsiDRgdCy0LXQtNC10L3QuNGPINC+0LEg0LjQvdC00LjQstC40LTRg9Cw0LvRjNC90L7QvCDQv9GA0LXQtNC/0YDQuNC90LjQvNCw0YLQtdC70LUsINGB0L7QtNC10YDQttCw0YnQuNC10YHRjyDQsiDQldC00LjQvdC+0Lwg0LPQvtGB0YPQtNCw0YDRgdGC0LLQtdC90L3QvtC8INGA0LXQtdGB0YLRgNC1INC40L3QtNC40LLQuNC00YPQsNC70YzQvdGL0YUg0L/RgNC10LTQv9GA0LjQvdC40LzQsNGC0LXQu9C10Lk8L9Cd0LDQuNC80JTQvtC6Pg0KICAgICAgPNCd0L7QvNCU0L7Quj40OTE8L9Cd0L7QvNCU0L7Quj4NCiAgICAgIDzQlNCw0YLQsNCU0L7Quj4yMDA5LTAyLTA0PC/QlNCw0YLQsNCU0L7Quj4NCiAgICA8L9Ch0LLQtdC00J/RgNC10LTQlNC+0Lo+DQogICAgPNCh0LLQodCy0LjQtCDQodC10YDQuNGPPSIyMiIg0J3QvtC80LXRgD0iMDAyOTgzODk0IiDQlNCw0YLQsNCS0YvQtNCh0LLQuNC0PSIyMDA5LTAyLTExIiAvPg0KICA8L9Ch0LLQl9Cw0L/QldCT0KDQmNCfPg0KICA80KHQstCX0LDQv9CV0JPQoNCY0J8g0JjQtNCX0LDQvz0iNDA5MjIyMzE0OTAwMDI1IiDQk9Cg0J3QmNCfPSI0MDkyMjIzMTQ5MDAwMjUiINCU0LDRgtCw0JfQsNC/PSIyMDA5LTA1LTI5Ij4NCiAgICA80JLQuNC00JfQsNC/INCa0L7QtNCh0J/QktCXPSIyMjExMSIg0J3QsNC40LzQktC40LTQl9Cw0L89IijQoDI0MDAxKSDQktC90LXRgdC10L3QuNC1INC40LfQvNC10L3QtdC90LjQuSDQsiDRgdCy0LXQtNC10L3QuNGPINC+0LEg0JjQnyIgLz4NCiAgICA80KHQstCg0LXQs9Ce0YDQsyDQmtC+0LTQndCePSIyMjIzIiDQndCw0LjQvNCd0J49ItCc0LXQttGA0LDQudC+0L3QvdCw0Y8g0LjQvdGB0L/QtdC60YbQuNGPINCk0LXQtNC10YDQsNC70YzQvdC+0Lkg0L3QsNC70L7Qs9C+0LLQvtC5INGB0LvRg9C20LHRiyDQoNC+0YHRgdC40Lgg4oSWIDE0INC/0L4g0JDQu9GC0LDQudGB0LrQvtC80YMg0LrRgNCw0Y4iIC8+DQogICAgPNCh0LLQtdC00J/RgNC10LTQlNC+0Lo+DQogICAgICA80J3QsNC40LzQlNC+0Lo+0JfQsNGP0LLQu9C10L3QuNC1INC+INCy0L3QtdGB0LXQvdC40Lgg0LjQt9C80LXQvdC10L3QuNC5INCyINGB0LLQtdC00LXQvdC40Y8g0L7QsSDQuNC90LTQuNCy0LjQtNGD0LDQu9GM0L3QvtC8INC/0YDQtdC00L/RgNC40L3QuNC80LDRgtC10LvQtSwg0YHQvtC00LXRgNC20LDRidC40LXRgdGPINCyINCV0LTQuNC90L7QvCDQs9C+0YHRg9C00LDRgNGB0YLQstC10L3QvdC+0Lwg0YDQtdC10YHRgtGA0LUg0LjQvdC00LjQstC40LTRg9Cw0LvRjNC90YvRhSDQv9GA0LXQtNC/0YDQuNC90LjQvNCw0YLQtdC70LXQuTwv0J3QsNC40LzQlNC+0Lo+DQogICAgICA80J3QvtC80JTQvtC6PjIwODE8L9Cd0L7QvNCU0L7Quj4NCiAgICAgIDzQlNCw0YLQsNCU0L7Quj4yMDA5LTA1LTIyPC/QlNCw0YLQsNCU0L7Quj4NCiAgICA8L9Ch0LLQtdC00J/RgNC10LTQlNC+0Lo+DQogICAgPNCh0LLQtdC00J/RgNC10LTQlNC+0Lo+DQogICAgICA80J3QsNC40LzQlNC+0Lo+0JTQvtC60YPQvNC10L3Rgiwg0YPQtNC+0YHRgtC+0LLQtdGA0Y/RjtGJ0LjQuSDQu9C40YfQvdC+0YHRgtGMINCz0YDQsNC20LTQsNC90LjQvdCwINCg0L7RgdGB0LjQuDwv0J3QsNC40LzQlNC+0Lo+DQogICAgPC/QodCy0LXQtNCf0YDQtdC00JTQvtC6Pg0KICAgIDzQodCy0KHQstC40LQg0KHQtdGA0LjRjz0iMjIiINCd0L7QvNC10YA9IjAwMjk3MDA2NyIg0JTQsNGC0LDQktGL0LTQodCy0LjQtD0iMjAwOS0wNS0yOSIgLz4NCiAgPC/QodCy0JfQsNC/0JXQk9Cg0JjQnz4NCiAgPNCh0LLQl9Cw0L/QldCT0KDQmNCfINCY0LTQl9Cw0L89IjE1MDAwMDAzOTc4NzUyOSIg0JPQoNCd0JjQnz0iNDE2MjIyNTAwMDU0NzQ4IiDQlNCw0YLQsNCX0LDQvz0iMjAxNi0wMS0xMiI+DQogICAgPNCS0LjQtNCX0LDQvyDQmtC+0LTQodCf0JLQlz0iMjM0MDAiINCd0LDQuNC80JLQuNC00JfQsNC/PSLQktC90LXRgdC10L3QuNC1INGB0LLQtdC00LXQvdC40Lkg0L4g0YDQtdCz0LjRgdGC0YDQsNGG0LjQuCDQsiDQpNCh0KEg0KDQpCIgLz4NCiAgICA80KHQstCg0LXQs9Ce0YDQsyDQmtC+0LTQndCePSIyMjI1IiDQndCw0LjQvNCd0J49ItCc0LXQttGA0LDQudC+0L3QvdCw0Y8g0LjQvdGB0L/QtdC60YbQuNGPINCk0LXQtNC10YDQsNC70YzQvdC+0Lkg0L3QsNC70L7Qs9C+0LLQvtC5INGB0LvRg9C20LHRiyDQoNC+0YHRgdC40Lgg4oSWIDE1INC/0L4g0JDQu9GC0LDQudGB0LrQvtC80YMg0LrRgNCw0Y4iIC8+DQogIDwv0KHQstCX0LDQv9CV0JPQoNCY0J8+DQogIDzQodCy0JfQsNC/0JXQk9Cg0JjQnyDQmNC00JfQsNC/PSIxNTAwMDAwNjE3MjkxMzIiINCT0KDQndCY0J89IjQxNjIyMjUwMDQ4NzM1NSIg0JTQsNGC0LDQl9Cw0L89IjIwMTYtMDYtMjMiPg0KICAgIDzQktC40LTQl9Cw0L8g0JrQvtC00KHQn9CS0Jc9IjIzMzAwIiDQndCw0LjQvNCS0LjQtNCX0LDQvz0i0JLQvdC10YHQtdC90LjQtSDRgdCy0LXQtNC10L3QuNC5INC+INGA0LXQs9C40YHRgtGA0LDRhtC40Lgg0LIg0J/QpCDQoNCkIiAvPg0KICAgIDzQodCy0KDQtdCz0J7RgNCzINCa0L7QtNCd0J49IjIyMjUiINCd0LDQuNC80J3Qnj0i0JzQtdC20YDQsNC50L7QvdC90LDRjyDQuNC90YHQv9C10LrRhtC40Y8g0KTQtdC00LXRgNCw0LvRjNC90L7QuSDQvdCw0LvQvtCz0L7QstC+0Lkg0YHQu9GD0LbQsdGLINCg0L7RgdGB0LjQuCDihJYgMTUg0L/QviDQkNC70YLQsNC50YHQutC+0LzRgyDQutGA0LDRjiIgLz4NCiAgPC/QodCy0JfQsNC/0JXQk9Cg0JjQnz4NCjwv0KHQstCY0J8+""}"
https://dsvc-api.taxcom.ru/v1/entrepreneur/property/unfair-compliant-inclusion;"{""id"": ""1556983""}";True;"{""status"": ""5""}"
https://dsvc-api.taxcom.ru/v1/entrepreneur/property-list/event;"{""paging"": {""item"": 0, ""rows"": 3}, ""id"": ""20547105""}";True;"{""paging"": {""item"": 0, ""rows"": 3, ""count"": 6}, ""items"": [{""grn"": ""413645123201213"", ""date"": ""2013-08-20T00:00:00.000Z"", ""description"": ""Внесение сведений об учете в налоговом органе""}, {""grn"": ""410645123700273"", ""date"": ""2010-08-25T00:00:00.000Z"", ""description"": ""Внесение сведений о регистрации в ПФ РФ""}, {""grn"": ""410645109600050"", ""date"": ""2010-04-06T00:00:00.000Z"", ""description"": ""(Р26001) Прекращение деятельности ИП""}]}"
https://dsvc-api.taxcom.ru/v1/entrepreneur/property-list/license;"{""paging"": {""item"": 0, ""rows"": 3}, ""id"": ""18989543""}";True;"{""paging"":{""item"":0,""rows"":2,""count"":2},""items"":[{""number"":""78-040867"",""name"":""Розничная продажа алкогольной продукции, лицензируемая субъектами Российской Федерации или органами местного самоуправления в соответствии с предоставленными законом полномочиями"",""date"":""2007-03-13T00:00:00.000Z"",""startDate"":""2004-01-22"",""endDate"":null,""address"":""САНКТ-ПЕТЕРБУРГ, ОЛЕКО ДУНДИЧА УЛ., Д.35, КОРП.1НЕ ВЫБРАНО"",""agency"":""Лицензионная палата Санкт-Петербурга"",""suspension"":null,""suspensionDate"":null,""suspensionAgency"":null},{""number"":""78-040868"",""name"":""Розничная продажа алкогольной продукции, лицензируемая субъектами Российской Федерации или органами местного самоуправления в соответствии с предоставленными законом полномочиями"",""date"":""2007-03-13T00:00:00.000Z"",""startDate"":""2004-01-22"",""endDate"":null,""address"":""САНКТ-ПЕТЕРБУРГ, М.БАЛКАНСКАЯ УЛ., Д.60НЕ ВЫБРАНО"",""agency"":""Лицензионная палата Санкт-Петербурга"",""suspension"":null,""suspensionDate"":null,""suspensionAgency"":null}]}"
https://dsvc-api.taxcom.ru/v1/entrepreneur/property-list/okved;"{""paging"": {""item"": 0, ""rows"": 3}, ""id"": ""18708761""}";True;"{""paging"": {""item"": 0, ""rows"": 3, ""count"": 11}, ""items"": [{""code"": ""68.20.1 "", ""description"": ""Аренда и управление собственным или арендованным жилым недвижимым имуществом"", ""date"": ""2013-11-27T00:00:00.000Z"", ""type"": ""0"", ""version"": ""2014""}, {""code"": ""68.31.11"", ""description"": ""Предоставление посреднических услуг при купле-продаже жилого недвижимого имущества за вознаграждение или на договорной основе"", ""date"": ""2013-11-27T00:00:00.000Z"", ""type"": ""0"", ""version"": ""2014""}, {""code"": ""68.31.12"", ""description"": ""Предоставление посреднических услуг при купле-продаже нежилого недвижимого имущества за вознаграждение или на договорной основе"", ""date"": ""2013-11-27T00:00:00.000Z"", ""type"": ""0"", ""version"": ""2014""}]}"
https://dsvc-api.taxcom.ru/v1/entrepreneur/property-list/planned-inspection;"{""paging"": {""item"": 0, ""rows"": 3}, ""id"": ""11379554""}";True;"{""paging"": {""item"": 0, ""rows"": 3, ""count"": 2}, ""items"": []}"
https://dsvc-api.taxcom.ru/v1/entrepreneur/property-list/unfair-compliant;"{""paging"": {""item"": 0, ""rows"": 3}, ""id"": ""1556983""}";True;"{""paging"": {""item"": 0, ""rows"": 3, ""count"": 23}, ""items"": []}"
https://dsvc-api.taxcom.ru/v1/entrepreneur/property-list/unplanned-inspection;"{""paging"": {""item"": 0, ""rows"": 3}, ""id"": ""16339585""}";True;"{""paging"": {""item"": 0, ""rows"": 3, ""count"": 1}, ""items"": []}"
https://dsvc-api.taxcom.ru/v1/entrepreneur-unfair-compliant/model;"{""id"": ""4398""}";True;"{""number"":""РНП.50108-15"",""inn"":""1431012490"",""kpp"":"""",""name"":""ОБЩЕСТВО С ОГРАНИЧЕННОЙ ОТВЕТСТВЕННОСТЬЮ СТРОИТЕЛЬНО-ПРОИЗВОДСТВЕННАЯ КОМПАНИЯ \""ГРАНД\"""",""included"":""2015-06-09T00:00:00.000Z"",""excluded"":""2017-06-09T00:00:00.000Z"",""excludeName"":"""",""agency"":""Управление Федеральной антимонопольной службы по Республике Саха (Якутия)"",""reason"":"""",""fzNum"":""44"",""customerName"":""ГОСУДАРСТВЕННОЕ БЮДЖЕТНОЕ УЧРЕЖДЕНИЕ РЕСПУБЛИКИ САХА (ЯКУТИЯ) \""РЕСПУБЛИКАНСКАЯ БОЛЬНИЦА №1 - НАЦИОНАЛЬНЫЙ ЦЕНТР МЕДИЦИНЫ\"""",""customerInn"":""1435099188"",""customerKpp"":""143501001"",""customerAddress"":""Российская Федерация, 677013, Саха /Якутия/ Респ, Якутск г, СЕРГЕЛЯХСКОЕ, 4"",""purchaseName"":""Выполнение работ по замене облицовки стен помещений ГБУ РС (Я) \""РБ№1-НЦМ\"""",""purchase"":""0116200007914001552"",""purchaseType"":""Электронный аукцион"",""purchaseDate"":"""",""purchaseTotalDate"":null,""purchaseCancelDate"":null,""purchaseNumber"":""1"",""purchaseDocumentName"":"""",""purchaseDocumentDate"":"""",""purchaseDocumentNumber"":"""",""contractDate"":""2014-05-16T00:00:00.000Z"",""contractItems"":""Выполнение работ по некапитальной перепланировке помещений"",""contractCode"":"""",""contractCurrency"":""RUB"",""contractPrice"":""645000"",""contractTime"":""2014-06-30"",""contractTerminationGround"":""Решение заказчика об одностороннем отказе от исполнения контракта"",""contractTerminationDate"":""2014-10-13T00:00:00.000Z"",""contractRegNumber"":null}"
https://dsvc-api.taxcom.ru/v1/expired-passport/model-list;"{""paging"": {""item"": 0, ""rows"": 3}, ""filters"": {""series"": ""5203"", ""number"": ""783664""}}";True;"{""paging"": {""item"": 0, ""rows"": 3, ""count"": 1}, ""items"": [{""series"": ""5203"", ""number"": ""783664""}]}"
https://dsvc-api.taxcom.ru/v1/founder/property/invalid-data;"{""id"": ""3645256""}";True;"{""date"": ""value"", ""comment"": ""value"", ""judgementName"": ""value"", ""judgementNumber"": ""value"", ""judgementDate"": ""value"" }"
https://dsvc-api.taxcom.ru/v1/leader/property/invalid-data;"{""id"": ""2243524""}";True;"{""date"": ""value"", ""comment"": ""value"", ""judgementName"": ""value"", ""judgementNumber"": ""value"", ""judgementDate"": ""value"" }"
https://dsvc-api.taxcom.ru/v1/massaddress/model-list;"{""paging"": {""item"": 0, ""rows"": 3}, ""filters"": {""street"": ""УЛЬЯНОВЫХ УЛ""}}";True;"{""paging"": {""item"": 0, ""rows"": 3, ""count"": 11}, ""items"": [{""region"": ""БАШКОРТОСТАН РЕСП"", ""location"": null, ""city"": ""УФА Г"", ""settlement"": null, ""street"": ""УЛЬЯНОВЫХ УЛ"", ""house"": ""15"", ""building"": ""-------"", ""apartment"": ""--------"", ""amount"": ""18""}, {""region"": ""БАШКОРТОСТАН РЕСП"", ""location"": null, ""city"": ""УФА Г"", ""settlement"": null, ""street"": ""УЛЬЯНОВЫХ УЛ"", ""house"": ""49"", ""building"": null, ""apartment"": null, ""amount"": ""35""}, {""region"": ""БАШКОРТОСТАН РЕСП"", ""location"": null, ""city"": ""УФА Г"", ""settlement"": null, ""street"": ""УЛЬЯНОВЫХ УЛ"", ""house"": ""50"", ""building"": null, ""apartment"": null, ""amount"": ""10""}]}"
https://dsvc-api.taxcom.ru/v1/massfounders/model-list;"{""paging"": {""item"": 0, ""rows"": 3}, ""filters"": {""inn"": ""010600636563""}}";True;"{""paging"": {""item"": 0, ""rows"": 3, ""count"": 1}, ""items"": [{""inn"": ""010600636563"", ""firstName"": ""ЛЮБОВЬ"", ""lastName"": ""ДАВЫДОВИЧ"", ""middleName"": ""НИКОЛАЕВНА"", ""amount"": ""11""}]}"
https://dsvc-api.taxcom.ru/v1/massleaders/model-list;"{""paging"": {""item"": 0, ""rows"": 3}, ""filters"": {""inn"": ""010501275725""}}";True;"{""paging"": {""item"": 0, ""rows"": 3, ""count"": 1}, ""items"": [{""inn"": ""010501275725"", ""firstName"": ""ГЕННАДИЙ"", ""lastName"": ""ДОЦЕНКО"", ""middleName"": ""АЛЕКСАНДРОВИЧ"", ""amount"": ""11""}]}"
https://dsvc-api.taxcom.ru/v1/okved-group/model-list;"{""paging"": {""item"": 0, ""rows"": 3}}";True;"{""paging"": {""item"": 0, ""rows"": 3, ""count"": 21}, ""items"": [{""id"": ""1"", ""codes"": ""01,02,03"", ""description"": ""Сельское, лесное хозяйство, охота, рыболовство и рыбоводство""}, {""id"": ""2"", ""codes"": ""05,06,07,08,09"", ""description"": ""Добыча полезных ископаемых""}, {""id"": ""3"", ""codes"": ""10,11,12,13,14,15,16,17,18,19,20,21,22,23,24,25,26,27,28,29,30,31,32,33"", ""description"": ""Обрабатывающие производства""}]}"
https://dsvc-api.taxcom.ru/v1/operators/model-list;"{""paging"": {""item"": 0, ""rows"": 3}, ""filters"": {""inn"": ""7704211201""}}";True;"{""paging"": {""item"": 0, ""rows"": 3, ""count"": 1}, ""items"": []}"
https://dsvc-api.taxcom.ru/v1/opf/model-list;"{""paging"": {""item"": 0, ""rows"": 3}, ""filters"": {}}";True;"{""paging"": {""item"": 0, ""rows"": 2, ""count"": 2}, ""items"": [{""id"": 0, ""description"": ""ЮЛ""}, {""id"": 1, ""description"": ""ИП""}]}"
https://dsvc-api.taxcom.ru/v1/organization/model;"{""id"": ""14966945""}";True;"{""id"":""14966945"",""shortName"":""ТОО \""ФОНД\"""",""fullName"":""ТОВАРИЩЕСТВО С ОГРАНИЧЕННОЙ ОТВЕТСТВЕННОСТЬЮ \""ФОНД\"""",""inn"":""3441010551"",""kpp"":""344101001"",""ogrn"":""1033400122161"",""addressId"":""111111"",""address"":""400006, ОБЛАСТЬ ВОЛГОГРАДСКАЯ, ГОРОД ВОЛГОГРАД, УЛИЦА ИМ ЖОЛУДЕВА, 38, 142"",""regDate"":""1994-10-13T00:00:00.000Z"",""endDate"":""2003-10-01T00:00:00.000Z"",""status"":""202"",""statusGroup"":""2"",""email"":null}"
https://dsvc-api.taxcom.ru/v1/organization/property/address;"{""id"": ""6046323""}";True;"{""index"": ""119034"", ""regionCode"": 77, ""regionType"": ""ГОРОД"", ""regionName"": ""МОСКВА"", ""areaType"": null, ""areaName"": null, ""cityType"": null, ""cityName"": null, ""settlementType"": null, ""settlementName"": null, ""streetType"": ""ПЕРЕУЛОК"", ""streetName"": ""БАРЫКОВСКИЙ"", ""house"": ""4"", ""building"": ""СТР.2"", ""structure"": null, ""flat"": null, ""room"": null}"
https://dsvc-api.taxcom.ru/v1/organization/property/change-address-decision;"{""id"": ""2436862""}";True;"{""grn"": ""9177747608469"", ""grnDate"": ""2017-08-03T00:00:00.000Z"", ""comment"": ""Юридическим лицом принято решение об изменении места нахождения"", ""region"": ""МОСКОВСКАЯ"", ""area"": ""ОДИНЦОВСКИЙ"", ""town"": null, ""city"": ""СИВКОВО""}"
https://dsvc-api.taxcom.ru/v1/organization/property/disqualifiedperson;"{""id"": ""6046323""}";True;"{""status"": ""1""}"
https://dsvc-api.taxcom.ru/v1/organization/property/invalid-address;"{""id"": ""5820862""}";True;"{""grn"": ""2173256245920"", ""grnDate"": ""2017-09-06T00:00:00.000Z"", ""flag"": ""2"", ""comment"": ""сведения недостоверны (результаты проверки достоверности содержащихся в ЕГРЮЛ сведений о юридическом лице)"", ""judgementName"": null, ""judgementNumber"": null, ""judgementDate"": """"}"
https://dsvc-api.taxcom.ru/v1/organization/property/invalid-data;"{""id"": ""5821106""}";True;"{""hasInvalidFounder"": ""1"", ""hasInvalidLeader"": ""1"", ""hasInvalidAddress"": ""0""}"
https://dsvc-api.taxcom.ru/v1/organization/property/iplegal;"{""id"": ""1089963""}";True;"{""status"": ""2"", ""amount"": 3}"
https://dsvc-api.taxcom.ru/v1/organization/property/operator;"{""id"": ""6046323""}";True;"{""status"": ""3""}"
https://dsvc-api.taxcom.ru/v1/organization/property/rsmp;"{""id"": ""6046323""}";True;"{""status"": ""1""}"
https://dsvc-api.taxcom.ru/v1/organization/property/source-file;"{""id"": ""21454423""}";True;"{""version"": ""4.05"", ""content"": ""PNCh0LLQrtCbINCU0LDRgtCw0JLRi9C/PSIyMDE3LTA0LTE5IiDQntCT0KDQnT0iMTE0NTU0MzAwNDM4NiIg0JTQsNGC0LDQntCT0KDQnT0iMjAxNC0wMi0wNSIg0JjQndCdPSI1NTA3MjQ1Mjc5IiDQmtCf0J89IjU1MDcwMTAwMSIg0KHQv9GA0J7Qn9CkPSLQntCa0J7Qn9CkIiDQmtC+0LTQntCf0KQ9IjEyMzAwIiDQn9C+0LvQvdCd0LDQuNC80J7Qn9CkPSLQntCx0YnQtdGB0YLQstCwINGBINC+0LPRgNCw0L3QuNGH0LXQvdC90L7QuSDQvtGC0LLQtdGC0YHRgtCy0LXQvdC90L7RgdGC0YzRjiI+DQogIDzQodCy0J3QsNC40LzQrtCbINCd0LDQuNC80K7Qm9Cf0L7Qu9C9PSLQntCR0KnQldCh0KLQktCeINChINCe0JPQoNCQ0J3QmNCn0JXQndCd0J7QmSDQntCi0JLQldCi0KHQotCS0JXQndCd0J7QodCi0KzQriAmcXVvdDvQmtCe0JzQn9CQ0J3QmNCvICZxdW90O9CR0KDQmNCXJnF1b3Q7IiDQndCw0LjQvNCu0JvQodC+0LrRgD0i0J7QntCeICZxdW90O9Ca0J7QnNCf0JDQndCY0K8gJnF1b3Q70JHQoNCY0JcmcXVvdDsiPg0KICAgIDzQk9Cg0J3QlNCw0YLQsCDQk9Cg0J09IjExNDU1NDMwMDQzODYiINCU0LDRgtCw0JfQsNC/0LjRgdC4PSIyMDE0LTAyLTA1IiAvPg0KICA8L9Ch0LLQndCw0LjQvNCu0Js+DQogIDzQodCy0JDQtNGA0LXRgdCu0Js+DQogICAgPNCQ0LTRgNC10YHQoNCkINCY0L3QtNC10LrRgT0iNjQ0MDgxIiDQmtC+0LTQoNC10LPQuNC+0L09IjU1IiDQmtC+0LTQkNC00YDQmtC70LDQtNGAPSI1NTAwMDAwMTAwMDA2NzQiINCU0L7QvD0i0JTQntCcIDYiINCa0LLQsNGA0YI9ItCa0JLQkNCg0KLQmNCg0JAgMTUxIj4NCiAgICAgIDzQoNC10LPQuNC+0L0g0KLQuNC/0KDQtdCz0LjQvtC9PSLQntCR0JvQkNCh0KLQrCIg0J3QsNC40LzQoNC10LPQuNC+0L09ItCe0JzQodCa0JDQryIgLz4NCiAgICAgIDzQk9C+0YDQvtC0INCi0LjQv9CT0L7RgNC+0LQ9ItCT0J7QoNCe0JQiINCd0LDQuNC80JPQvtGA0L7QtD0i0J7QnNCh0JoiIC8+DQogICAgICA80KPQu9C40YbQsCDQotC40L/Qo9C70LjRhtCwPSLQo9Cb0JjQptCQIiDQndCw0LjQvNCj0LvQuNGG0LA9ItCb0KPQmtCQ0KjQldCS0JjQp9CQIiAvPg0KICAgICAgPNCT0KDQndCU0LDRgtCwINCT0KDQnT0iMTE0NTU0MzAwNDM4NiIg0JTQsNGC0LDQl9Cw0L/QuNGB0Lg9IjIwMTQtMDItMDUiIC8+DQogICAgPC/QkNC00YDQtdGB0KDQpD4NCiAgPC/QodCy0JDQtNGA0LXRgdCu0Js+DQogIDzQodCy0J7QsdGA0K7QmyDQntCT0KDQnT0iMTE0NTU0MzAwNDM4NiIg0JTQsNGC0LDQntCT0KDQnT0iMjAxNC0wMi0wNSI+DQogICAgPNCh0L/QntCx0YDQrtCbINCa0L7QtNCh0L/QntCx0YDQrtCbPSIxMSIg0J3QsNC40LzQodC/0J7QsdGA0K7Qmz0i0KHQvtC30LTQsNC90LjQtSDRjtGA0LjQtNC40YfQtdGB0LrQvtCz0L4g0LvQuNGG0LAiIC8+DQogICAgPNCT0KDQndCU0LDRgtCwINCT0KDQnT0iMTE0NTU0MzAwNDM4NiIg0JTQsNGC0LDQl9Cw0L/QuNGB0Lg9IjIwMTQtMDItMDUiIC8+DQogIDwv0KHQstCe0LHRgNCu0Js+DQogIDzQodCy0KDQtdCz0J7RgNCzINCa0L7QtNCd0J49IjU1NDMiINCd0LDQuNC80J3Qnj0i0JzQtdC20YDQsNC50L7QvdC90LDRjyDQuNC90YHQv9C10LrRhtC40Y8g0KTQtdC00LXRgNCw0LvRjNC90L7QuSDQvdCw0LvQvtCz0L7QstC+0Lkg0YHQu9GD0LbQsdGLIOKEliAxMiDQv9C+INCe0LzRgdC60L7QuSDQvtCx0LvQsNGB0YLQuCIg0JDQtNGA0KDQnj0iLDY0NDAxMCwsLCDQntC80YHQuiDQsywsINCc0LDRgNGI0LDQu9CwINCW0YPQutC+0LLQsCDRg9C7LCDQtCA3Miwg0LrQvtGA0L8gMSwiPg0KICAgIDzQk9Cg0J3QlNCw0YLQsCDQk9Cg0J09IjExNDU1NDMwMDQzODYiINCU0LDRgtCw0JfQsNC/0LjRgdC4PSIyMDE0LTAyLTA1IiAvPg0KICA8L9Ch0LLQoNC10LPQntGA0LM+DQogIDzQodCy0KPRh9C10YLQndCeINCY0J3QnT0iNTUwNzI0NTI3OSIg0JrQn9CfPSI1NTA3MDEwMDEiINCU0LDRgtCw0J/QvtGB0YLQo9GHPSIyMDE0LTAyLTA1Ij4NCiAgICA80KHQstCd0J4g0JrQvtC00J3Qnj0iNTUwNyIg0J3QsNC40LzQndCePSLQmNC90YHQv9C10LrRhtC40Y8g0KTQtdC00LXRgNCw0LvRjNC90L7QuSDQvdCw0LvQvtCz0L7QstC+0Lkg0YHQu9GD0LbQsdGLINC/0L4g0JrQuNGA0L7QstGB0LrQvtC80YMg0LDQtNC80LjQvdC40YHRgtGA0LDRgtC40LLQvdC+0LzRgyDQvtC60YDRg9Cz0YMg0LMuINCe0LzRgdC60LAiIC8+DQogICAgPNCT0KDQndCU0LDRgtCwINCT0KDQnT0iMjE0NTU0MzA0MzU3OCIg0JTQsNGC0LDQl9Cw0L/QuNGB0Lg9IjIwMTQtMDItMDUiIC8+DQogIDwv0KHQstCj0YfQtdGC0J3Qnj4NCiAgPNCh0LLQoNC10LPQn9CkINCg0LXQs9Cd0L7QvNCf0KQ9IjA2NTAwNjExNDQ0MSIg0JTQsNGC0LDQoNC10LM9IjIwMTQtMDItMDciPg0KICAgIDzQodCy0J7RgNCz0J/QpCDQmtC+0LTQn9CkPSIwNjUwMDYiINCd0LDQuNC80J/QpD0i0JPQvtGB0YPQtNCw0YDRgdGC0LLQtdC90L3QvtC1INGD0YfRgNC10LbQtNC10L3QuNC1IC0g0KPQv9GA0LDQstC70LXQvdC40LUg0J/QtdC90YHQuNC+0L3QvdC+0LPQviDRhNC+0L3QtNCwINCg0KQg0LIg0JrQuNGA0L7QstGB0LrQvtC8INCw0LTQvNC40L3QuNGB0YLRgNCw0YLQuNCy0L3QvtC8INC+0LrRgNGD0LPQtSDQsy7QntC80YHQutCwIiAvPg0KICAgIDzQk9Cg0J3QlNCw0YLQsCDQk9Cg0J09IjIxNDU1NDMwNTUzMzciINCU0LDRgtCw0JfQsNC/0LjRgdC4PSIyMDE0LTAyLTEzIiAvPg0KICA8L9Ch0LLQoNC10LPQn9CkPg0KICA80KHQstCg0LXQs9Ck0KHQoSDQoNC10LPQndC+0LzQpNCh0KE9IjU1MDg4MDE3MDY1NTA4MSIg0JTQsNGC0LDQoNC10LM9IjIwMTQtMDItMDciPg0KICAgIDzQodCy0J7RgNCz0KTQodChINCa0L7QtNCk0KHQoT0iNTUwOCIg0J3QsNC40LzQpNCh0KE9ItCk0LjQu9C40LDQuyDihJYgOCDQk9C+0YHRg9C00LDRgNGB0YLQstC10L3QvdC+0LPQviDRg9GH0YDQtdC20LTQtdC90LjRjyAtINCe0LzRgdC60L7Qs9C+INGA0LXQs9C40L7QvdCw0LvRjNC90L7Qs9C+INC+0YLQtNC10LvQtdC90LjRjyDQpNC+0L3QtNCwINGB0L7RhtC40LDQu9GM0L3QvtCz0L4g0YHRgtGA0LDRhdC+0LLQsNC90LjRjyDQoNCkIiAvPg0KICAgIDzQk9Cg0J3QlNCw0YLQsCDQk9Cg0J09IjIxNDU1NDMwNTYwOTYiINCU0LDRgtCw0JfQsNC/0LjRgdC4PSIyMDE0LTAyLTEzIiAvPg0KICA8L9Ch0LLQoNC10LPQpNCh0KE+DQogIDzQodCy0KPRgdGC0JrQsNC/INCd0LDQuNC80JLQuNC00JrQsNC/PSLQo9Ch0KLQkNCS0J3Qq9CZINCa0JDQn9CY0KLQkNCbIiDQodGD0LzQmtCw0L89IjEwMDAwIj4NCiAgICA80JPQoNCd0JTQsNGC0LAg0JPQoNCdPSIxMTQ1NTQzMDA0Mzg2IiDQlNCw0YLQsNCX0LDQv9C40YHQuD0iMjAxNC0wMi0wNSIgLz4NCiAgPC/QodCy0KPRgdGC0JrQsNC/Pg0KICA80KHQstC10LTQlNC+0LvQttC90KTQmz4NCiAgICA80JPQoNCd0JTQsNGC0LDQn9C10YDQsiDQk9Cg0J09IjExNDU1NDMwMDQzODYiINCU0LDRgtCw0JfQsNC/0LjRgdC4PSIyMDE0LTAyLTA1IiAvPg0KICAgIDzQodCy0KTQmyDQpNCw0LzQuNC70LjRjz0i0J/QkNCS0JvQntCSIiDQmNC80Y89ItCe0JvQldCTIiDQntGC0YfQtdGB0YLQstC+PSLQkdCe0KDQmNCh0J7QktCY0KciINCY0J3QndCk0Js9IjU1MDcwMjc4MDk2NyI+DQogICAgICA80JPQoNCd0JTQsNGC0LAg0JPQoNCdPSIyMTQ1NTQzMjY5MDIzIiDQlNCw0YLQsNCX0LDQv9C40YHQuD0iMjAxNC0wNS0wNyIgLz4NCiAgICA8L9Ch0LLQpNCbPg0KICAgIDzQodCy0JTQvtC70LbQvSDQktC40LTQlNC+0LvQttC9PSIwMiIg0J3QsNC40LzQktC40LTQlNC+0LvQttC9PSLQoNGD0LrQvtCy0L7QtNC40YLQtdC70Ywg0Y7RgNC40LTQuNGH0LXRgdC60L7Qs9C+INC70LjRhtCwIiDQndCw0LjQvNCU0L7Qu9C20L09ItCU0JjQoNCV0JrQotCe0KAiPg0KICAgICAgPNCT0KDQndCU0LDRgtCwINCT0KDQnT0iMjE0NTU0MzI2OTAyMyIg0JTQsNGC0LDQl9Cw0L/QuNGB0Lg9IjIwMTQtMDUtMDciIC8+DQogICAgPC/QodCy0JTQvtC70LbQvT4NCiAgPC/QodCy0LXQtNCU0L7Qu9C20L3QpNCbPg0KICA80KHQstCj0YfRgNC10LTQuNGCPg0KICAgIDzQo9GH0YDQpNCbPg0KICAgICAgPNCT0KDQndCU0LDRgtCw0J/QtdGA0LIg0JPQoNCdPSIxMTQ1NTQzMDA0Mzg2IiDQlNCw0YLQsNCX0LDQv9C40YHQuD0iMjAxNC0wMi0wNSIgLz4NCiAgICAgIDzQodCy0KTQmyDQpNCw0LzQuNC70LjRjz0i0J/QkNCS0JvQntCSIiDQmNC80Y89ItCe0JvQldCTIiDQntGC0YfQtdGB0YLQstC+PSLQkdCe0KDQmNCh0J7QktCY0KciINCY0J3QndCk0Js9IjU1MDcwMjc4MDk2NyI+DQogICAgICAgIDzQk9Cg0J3QlNCw0YLQsCDQk9Cg0J09IjIxNDU1NDMyNjkwMjMiINCU0LDRgtCw0JfQsNC/0LjRgdC4PSIyMDE0LTA1LTA3IiAvPg0KICAgICAgPC/QodCy0KTQmz4NCiAgICAgIDzQlNC+0LvRj9Cj0YHRgtCa0LDQvyDQndC+0LzQuNC90KHRgtC+0LjQvD0iMTAwMDAiPg0KICAgICAgICA80KDQsNC30LzQtdGA0JTQvtC70Lg+DQogICAgICAgICAgPNCf0YDQvtGG0LXQvdGCPjEwMDwv0J/RgNC+0YbQtdC90YI+DQogICAgICAgIDwv0KDQsNC30LzQtdGA0JTQvtC70Lg+DQogICAgICAgIDzQk9Cg0J3QlNCw0YLQsCDQk9Cg0J09IjIxNDU1NDMyNjkwMjMiINCU0LDRgtCw0JfQsNC/0LjRgdC4PSIyMDE0LTA1LTA3IiAvPg0KICAgICAgPC/QlNC+0LvRj9Cj0YHRgtCa0LDQvz4NCiAgICA8L9Cj0YfRgNCk0Js+DQogIDwv0KHQstCj0YfRgNC10LTQuNGCPg0KICA80KHQstCe0JrQktCt0JQ+DQogICAgPNCh0LLQntCa0JLQrdCU0J7RgdC9INCa0L7QtNCe0JrQktCt0JQ9IjQ3LjciINCd0LDQuNC80J7QmtCS0K3QlD0i0KLQvtGA0LPQvtCy0LvRjyDRgNC+0LfQvdC40YfQvdCw0Y8g0L/RgNC+0YfQuNC80Lgg0YLQvtCy0LDRgNCw0LzQuCDQsiDRgdC/0LXRhtC40LDQu9C40LfQuNGA0L7QstCw0L3QvdGL0YUg0LzQsNCz0LDQt9C40L3QsNGFIiDQn9GA0JLQtdGA0YHQntCa0JLQrdCUPSIyMDE0Ij4NCiAgICAgIDzQk9Cg0J3QlNCw0YLQsCDQk9Cg0J09IjExNDU1NDMwMDQzODYiINCU0LDRgtCw0JfQsNC/0LjRgdC4PSIyMDE0LTAyLTA1IiAvPg0KICAgIDwv0KHQstCe0JrQktCt0JTQntGB0L0+DQogICAgPNCh0LLQntCa0JLQrdCU0JTQvtC/INCa0L7QtNCe0JrQktCt0JQ9IjQxLjIwIiDQndCw0LjQvNCe0JrQktCt0JQ9ItCh0YLRgNC+0LjRgtC10LvRjNGB0YLQstC+INC20LjQu9GL0YUg0Lgg0L3QtdC20LjQu9GL0YUg0LfQtNCw0L3QuNC5IiDQn9GA0JLQtdGA0YHQntCa0JLQrdCUPSIyMDE0Ij4NCiAgICAgIDzQk9Cg0J3QlNCw0YLQsCDQk9Cg0J09IjExNDU1NDMwMDQzODYiINCU0LDRgtCw0JfQsNC/0LjRgdC4PSIyMDE0LTAyLTA1IiAvPg0KICAgIDwv0KHQstCe0JrQktCt0JTQlNC+0L8+DQogICAgPNCh0LLQntCa0JLQrdCU0JTQvtC/INCa0L7QtNCe0JrQktCt0JQ9IjQzLjMxIiDQndCw0LjQvNCe0JrQktCt0JQ9ItCf0YDQvtC40LfQstC+0LTRgdGC0LLQviDRiNGC0YPQutCw0YLRg9GA0L3Ri9GFINGA0LDQsdC+0YIiINCf0YDQktC10YDRgdCe0JrQktCt0JQ9IjIwMTQiPg0KICAgICAgPNCT0KDQndCU0LDRgtCwINCT0KDQnT0iMTE0NTU0MzAwNDM4NiIg0JTQsNGC0LDQl9Cw0L/QuNGB0Lg9IjIwMTQtMDItMDUiIC8+DQogICAgPC/QodCy0J7QmtCS0K3QlNCU0L7Qvz4NCiAgICA80KHQstCe0JrQktCt0JTQlNC+0L8g0JrQvtC00J7QmtCS0K3QlD0iNDMuMzIiINCd0LDQuNC80J7QmtCS0K3QlD0i0KDQsNCx0L7RgtGLINGB0YLQvtC70Y/RgNC90YvQtSDQuCDQv9C70L7RgtC90LjRh9C90YvQtSIg0J/RgNCS0LXRgNGB0J7QmtCS0K3QlD0iMjAxNCI+DQogICAgICA80JPQoNCd0JTQsNGC0LAg0JPQoNCdPSIxMTQ1NTQzMDA0Mzg2IiDQlNCw0YLQsNCX0LDQv9C40YHQuD0iMjAxNC0wMi0wNSIgLz4NCiAgICA8L9Ch0LLQntCa0JLQrdCU0JTQvtC/Pg0KICAgIDzQodCy0J7QmtCS0K3QlNCU0L7QvyDQmtC+0LTQntCa0JLQrdCUPSI0My4zMyIg0J3QsNC40LzQntCa0JLQrdCUPSLQoNCw0LHQvtGC0Ysg0L/QviDRg9GB0YLRgNC+0LnRgdGC0LLRgyDQv9C+0LrRgNGL0YLQuNC5INC/0L7Qu9C+0LIg0Lgg0L7QsdC70LjRhtC+0LLQutC1INGB0YLQtdC9IiDQn9GA0JLQtdGA0YHQntCa0JLQrdCUPSIyMDE0Ij4NCiAgICAgIDzQk9Cg0J3QlNCw0YLQsCDQk9Cg0J09IjExNDU1NDMwMDQzODYiINCU0LDRgtCw0JfQsNC/0LjRgdC4PSIyMDE0LTAyLTA1IiAvPg0KICAgIDwv0KHQstCe0JrQktCt0JTQlNC+0L8+DQogICAgPNCh0LLQntCa0JLQrdCU0JTQvtC/INCa0L7QtNCe0JrQktCt0JQ9IjQzLjM0IiDQndCw0LjQvNCe0JrQktCt0JQ9ItCf0YDQvtC40LfQstC+0LTRgdGC0LLQviDQvNCw0LvRj9GA0L3Ri9GFINC4INGB0YLQtdC60L7Qu9GM0L3Ri9GFINGA0LDQsdC+0YIiINCf0YDQktC10YDRgdCe0JrQktCt0JQ9IjIwMTQiPg0KICAgICAgPNCT0KDQndCU0LDRgtCwINCT0KDQnT0iMTE0NTU0MzAwNDM4NiIg0JTQsNGC0LDQl9Cw0L/QuNGB0Lg9IjIwMTQtMDItMDUiIC8+DQogICAgPC/QodCy0J7QmtCS0K3QlNCU0L7Qvz4NCiAgICA80KHQstCe0JrQktCt0JTQlNC+0L8g0JrQvtC00J7QmtCS0K3QlD0iNDMuMzkiINCd0LDQuNC80J7QmtCS0K3QlD0i0J/RgNC+0LjQt9Cy0L7QtNGB0YLQstC+INC/0YDQvtGH0LjRhSDQvtGC0LTQtdC70L7Rh9C90YvRhSDQuCDQt9Cw0LLQtdGA0YjQsNGO0YnQuNGFINGA0LDQsdC+0YIiINCf0YDQktC10YDRgdCe0JrQktCt0JQ9IjIwMTQiPg0KICAgICAgPNCT0KDQndCU0LDRgtCwINCT0KDQnT0iMTE0NTU0MzAwNDM4NiIg0JTQsNGC0LDQl9Cw0L/QuNGB0Lg9IjIwMTQtMDItMDUiIC8+DQogICAgPC/QodCy0J7QmtCS0K3QlNCU0L7Qvz4NCiAgICA80KHQstCe0JrQktCt0JTQlNC+0L8g0JrQvtC00J7QmtCS0K3QlD0iNDYuNDEiINCd0LDQuNC80J7QmtCS0K3QlD0i0KLQvtGA0LPQvtCy0LvRjyDQvtC/0YLQvtCy0LDRjyDRgtC10LrRgdGC0LjQu9GM0L3Ri9C80Lgg0LjQt9C00LXQu9C40Y/QvNC4IiDQn9GA0JLQtdGA0YHQntCa0JLQrdCUPSIyMDE0Ij4NCiAgICAgIDzQk9Cg0J3QlNCw0YLQsCDQk9Cg0J09IjExNDU1NDMwMDQzODYiINCU0LDRgtCw0JfQsNC/0LjRgdC4PSIyMDE0LTAyLTA1IiAvPg0KICAgIDwv0KHQstCe0JrQktCt0JTQlNC+0L8+DQogICAgPNCh0LLQntCa0JLQrdCU0JTQvtC/INCa0L7QtNCe0JrQktCt0JQ9IjQ2LjQxLjIiINCd0LDQuNC80J7QmtCS0K3QlD0i0KLQvtGA0LPQvtCy0LvRjyDQvtC/0YLQvtCy0LDRjyDQs9Cw0LvQsNC90YLQtdGA0LXQudC90YvQvNC4INC40LfQtNC10LvQuNGP0LzQuCIg0J/RgNCS0LXRgNGB0J7QmtCS0K3QlD0iMjAxNCI+DQogICAgICA80JPQoNCd0JTQsNGC0LAg0JPQoNCdPSIxMTQ1NTQzMDA0Mzg2IiDQlNCw0YLQsNCX0LDQv9C40YHQuD0iMjAxNC0wMi0wNSIgLz4NCiAgICA8L9Ch0LLQntCa0JLQrdCU0JTQvtC/Pg0KICAgIDzQodCy0J7QmtCS0K3QlNCU0L7QvyDQmtC+0LTQntCa0JLQrdCUPSI0Ni40NCIg0J3QsNC40LzQntCa0JLQrdCUPSLQotC+0YDQs9C+0LLQu9GPINC+0L/RgtC+0LLQsNGPINC40LfQtNC10LvQuNGP0LzQuCDQuNC3INC60LXRgNCw0LzQuNC60Lgg0Lgg0YHRgtC10LrQu9CwINC4INGH0LjRgdGC0Y/RidC40LzQuCDRgdGA0LXQtNGB0YLQstCw0LzQuCIg0J/RgNCS0LXRgNGB0J7QmtCS0K3QlD0iMjAxNCI+DQogICAgICA80JPQoNCd0JTQsNGC0LAg0JPQoNCdPSIxMTQ1NTQzMDA0Mzg2IiDQlNCw0YLQsNCX0LDQv9C40YHQuD0iMjAxNC0wMi0wNSIgLz4NCiAgICA8L9Ch0LLQntCa0JLQrdCU0JTQvtC/Pg0KICAgIDzQodCy0J7QmtCS0K3QlNCU0L7QvyDQmtC+0LTQntCa0JLQrdCUPSI0Ni40OSIg0J3QsNC40LzQntCa0JLQrdCUPSLQotC+0YDQs9C+0LLQu9GPINC+0L/RgtC+0LLQsNGPINC/0YDQvtGH0LjQvNC4INCx0YvRgtC+0LLRi9C80Lgg0YLQvtCy0LDRgNCw0LzQuCIg0J/RgNCS0LXRgNGB0J7QmtCS0K3QlD0iMjAxNCI+DQogICAgICA80JPQoNCd0JTQsNGC0LAg0JPQoNCdPSIxMTQ1NTQzMDA0Mzg2IiDQlNCw0YLQsNCX0LDQv9C40YHQuD0iMjAxNC0wMi0wNSIgLz4NCiAgICA8L9Ch0LLQntCa0JLQrdCU0JTQvtC/Pg0KICAgIDzQodCy0J7QmtCS0K3QlNCU0L7QvyDQmtC+0LTQntCa0JLQrdCUPSI0Ni43NiIg0J3QsNC40LzQntCa0JLQrdCUPSLQotC+0YDQs9C+0LLQu9GPINC+0L/RgtC+0LLQsNGPINC/0YDQvtGH0LjQvNC4INC/0YDQvtC80LXQttGD0YLQvtGH0L3Ri9C80Lgg0L/RgNC+0LTRg9C60YLQsNC80LgiINCf0YDQktC10YDRgdCe0JrQktCt0JQ9IjIwMTQiPg0KICAgICAgPNCT0KDQndCU0LDRgtCwINCT0KDQnT0iMTE0NTU0MzAwNDM4NiIg0JTQsNGC0LDQl9Cw0L/QuNGB0Lg9IjIwMTQtMDItMDUiIC8+DQogICAgPC/QodCy0J7QmtCS0K3QlNCU0L7Qvz4NCiAgICA80KHQstCe0JrQktCt0JTQlNC+0L8g0JrQvtC00J7QmtCS0K3QlD0iNDYuOTAiINCd0LDQuNC80J7QmtCS0K3QlD0i0KLQvtGA0LPQvtCy0LvRjyDQvtC/0YLQvtCy0LDRjyDQvdC10YHQv9C10YbQuNCw0LvQuNC30LjRgNC+0LLQsNC90L3QsNGPIiDQn9GA0JLQtdGA0YHQntCa0JLQrdCUPSIyMDE0Ij4NCiAgICAgIDzQk9Cg0J3QlNCw0YLQsCDQk9Cg0J09IjExNDU1NDMwMDQzODYiINCU0LDRgtCw0JfQsNC/0LjRgdC4PSIyMDE0LTAyLTA1IiAvPg0KICAgIDwv0KHQstCe0JrQktCt0JTQlNC+0L8+DQogICAgPNCh0LLQntCa0JLQrdCU0JTQvtC/INCa0L7QtNCe0JrQktCt0JQ9IjQ3LjE5IiDQndCw0LjQvNCe0JrQktCt0JQ9ItCi0L7RgNCz0L7QstC70Y8g0YDQvtC30L3QuNGH0L3QsNGPINC/0YDQvtGH0LDRjyDQsiDQvdC10YHQv9C10YbQuNCw0LvQuNC30LjRgNC+0LLQsNC90L3Ri9GFINC80LDQs9Cw0LfQuNC90LDRhSIg0J/RgNCS0LXRgNGB0J7QmtCS0K3QlD0iMjAxNCI+DQogICAgICA80JPQoNCd0JTQsNGC0LAg0JPQoNCdPSIxMTQ1NTQzMDA0Mzg2IiDQlNCw0YLQsNCX0LDQv9C40YHQuD0iMjAxNC0wMi0wNSIgLz4NCiAgICA8L9Ch0LLQntCa0JLQrdCU0JTQvtC/Pg0KICAgIDzQodCy0J7QmtCS0K3QlNCU0L7QvyDQmtC+0LTQntCa0JLQrdCUPSI0Ny41MSIg0J3QsNC40LzQntCa0JLQrdCUPSLQotC+0YDQs9C+0LLQu9GPINGA0L7Qt9C90LjRh9C90LDRjyDRgtC10LrRgdGC0LjQu9GM0L3Ri9C80Lgg0LjQt9C00LXQu9C40Y/QvNC4INCyINGB0L/QtdGG0LjQsNC70LjQt9C40YDQvtCy0LDQvdC90YvRhSDQvNCw0LPQsNC30LjQvdCw0YUiINCf0YDQktC10YDRgdCe0JrQktCt0JQ9IjIwMTQiPg0KICAgICAgPNCT0KDQndCU0LDRgtCwINCT0KDQnT0iMTE0NTU0MzAwNDM4NiIg0JTQsNGC0LDQl9Cw0L/QuNGB0Lg9IjIwMTQtMDItMDUiIC8+DQogICAgPC/QodCy0J7QmtCS0K3QlNCU0L7Qvz4NCiAgICA80KHQstCe0JrQktCt0JTQlNC+0L8g0JrQvtC00J7QmtCS0K3QlD0iNDcuNTIiINCd0LDQuNC80J7QmtCS0K3QlD0i0KLQvtGA0LPQvtCy0LvRjyDRgNC+0LfQvdC40YfQvdCw0Y8g0YHQutC+0LHRj9C90YvQvNC4INC40LfQtNC10LvQuNGP0LzQuCwg0LvQsNC60L7QutGA0LDRgdC+0YfQvdGL0LzQuCDQvNCw0YLQtdGA0LjQsNC70LDQvNC4INC4INGB0YLQtdC60LvQvtC8INCyINGB0L/QtdGG0LjQsNC70LjQt9C40YDQvtCy0LDQvdC90YvRhSDQvNCw0LPQsNC30LjQvdCw0YUiINCf0YDQktC10YDRgdCe0JrQktCt0JQ9IjIwMTQiPg0KICAgICAgPNCT0KDQndCU0LDRgtCwINCT0KDQnT0iMTE0NTU0MzAwNDM4NiIg0JTQsNGC0LDQl9Cw0L/QuNGB0Lg9IjIwMTQtMDItMDUiIC8+DQogICAgPC/QodCy0J7QmtCS0K3QlNCU0L7Qvz4NCiAgICA80KHQstCe0JrQktCt0JTQlNC+0L8g0JrQvtC00J7QmtCS0K3QlD0iNDcuNTkiINCd0LDQuNC80J7QmtCS0K3QlD0i0KLQvtGA0LPQvtCy0LvRjyDRgNC+0LfQvdC40YfQvdCw0Y8g0LzQtdCx0LXQu9GM0Y4sINC+0YHQstC10YLQuNGC0LXQu9GM0L3Ri9C80Lgg0L/RgNC40LHQvtGA0LDQvNC4INC4INC/0YDQvtGH0LjQvNC4INCx0YvRgtC+0LLRi9C80Lgg0LjQt9C00LXQu9C40Y/QvNC4INCyINGB0L/QtdGG0LjQsNC70LjQt9C40YDQvtCy0LDQvdC90YvRhSDQvNCw0LPQsNC30LjQvdCw0YUiINCf0YDQktC10YDRgdCe0JrQktCt0JQ9IjIwMTQiPg0KICAgICAgPNCT0KDQndCU0LDRgtCwINCT0KDQnT0iMTE0NTU0MzAwNDM4NiIg0JTQsNGC0LDQl9Cw0L/QuNGB0Lg9IjIwMTQtMDItMDUiIC8+DQogICAgPC/QodCy0J7QmtCS0K3QlNCU0L7Qvz4NCiAgICA80KHQstCe0JrQktCt0JTQlNC+0L8g0JrQvtC00J7QmtCS0K3QlD0iNDkuNCIg0J3QsNC40LzQntCa0JLQrdCUPSLQlNC10Y/RgtC10LvRjNC90L7RgdGC0Ywg0LDQstGC0L7QvNC+0LHQuNC70YzQvdC+0LPQviDQs9GA0YPQt9C+0LLQvtCz0L4g0YLRgNCw0L3RgdC/0L7RgNGC0LAg0Lgg0YPRgdC70YPQs9C4INC/0L4g0L/QtdGA0LXQstC+0LfQutCw0LwiINCf0YDQktC10YDRgdCe0JrQktCt0JQ9IjIwMTQiPg0KICAgICAgPNCT0KDQndCU0LDRgtCwINCT0KDQnT0iMTE0NTU0MzAwNDM4NiIg0JTQsNGC0LDQl9Cw0L/QuNGB0Lg9IjIwMTQtMDItMDUiIC8+DQogICAgPC/QodCy0J7QmtCS0K3QlNCU0L7Qvz4NCiAgICA80KHQstCe0JrQktCt0JTQlNC+0L8g0JrQvtC00J7QmtCS0K3QlD0iNTIuMjQiINCd0LDQuNC80J7QmtCS0K3QlD0i0KLRgNCw0L3RgdC/0L7RgNGC0L3QsNGPINC+0LHRgNCw0LHQvtGC0LrQsCDQs9GA0YPQt9C+0LIiINCf0YDQktC10YDRgdCe0JrQktCt0JQ9IjIwMTQiPg0KICAgICAgPNCT0KDQndCU0LDRgtCwINCT0KDQnT0iMTE0NTU0MzAwNDM4NiIg0JTQsNGC0LDQl9Cw0L/QuNGB0Lg9IjIwMTQtMDItMDUiIC8+DQogICAgPC/QodCy0J7QmtCS0K3QlNCU0L7Qvz4NCiAgICA80KHQstCe0JrQktCt0JTQlNC+0L8g0JrQvtC00J7QmtCS0K3QlD0iNjguMjAiINCd0LDQuNC80J7QmtCS0K3QlD0i0JDRgNC10L3QtNCwINC4INGD0L/RgNCw0LLQu9C10L3QuNC1INGB0L7QsdGB0YLQstC10L3QvdGL0Lwg0LjQu9C4INCw0YDQtdC90LTQvtCy0LDQvdC90YvQvCDQvdC10LTQstC40LbQuNC80YvQvCDQuNC80YPRidC10YHRgtCy0L7QvCIg0J/RgNCS0LXRgNGB0J7QmtCS0K3QlD0iMjAxNCI+DQogICAgICA80JPQoNCd0JTQsNGC0LAg0JPQoNCdPSIxMTQ1NTQzMDA0Mzg2IiDQlNCw0YLQsNCX0LDQv9C40YHQuD0iMjAxNC0wMi0wNSIgLz4NCiAgICA8L9Ch0LLQntCa0JLQrdCU0JTQvtC/Pg0KICAgIDzQodCy0J7QmtCS0K3QlNCU0L7QvyDQmtC+0LTQntCa0JLQrdCUPSI3Ny4xMSIg0J3QsNC40LzQntCa0JLQrdCUPSLQkNGA0LXQvdC00LAg0Lgg0LvQuNC30LjQvdCzINC70LXQs9C60L7QstGL0YUg0LDQstGC0L7QvNC+0LHQuNC70LXQuSDQuCDQu9C10LPQutC40YUg0LDQstGC0L7RgtGA0LDQvdGB0L/QvtGA0YLQvdGL0YUg0YHRgNC10LTRgdGC0LIiINCf0YDQktC10YDRgdCe0JrQktCt0JQ9IjIwMTQiPg0KICAgICAgPNCT0KDQndCU0LDRgtCwINCT0KDQnT0iMTE0NTU0MzAwNDM4NiIg0JTQsNGC0LDQl9Cw0L/QuNGB0Lg9IjIwMTQtMDItMDUiIC8+DQogICAgPC/QodCy0J7QmtCS0K3QlNCU0L7Qvz4NCiAgICA80KHQstCe0JrQktCt0JTQlNC+0L8g0JrQvtC00J7QmtCS0K3QlD0iNzcuMzIiINCd0LDQuNC80J7QmtCS0K3QlD0i0JDRgNC10L3QtNCwINC4INC70LjQt9C40L3QsyDRgdGC0YDQvtC40YLQtdC70YzQvdGL0YUg0LzQsNGI0LjQvSDQuCDQvtCx0L7RgNGD0LTQvtCy0LDQvdC40Y8iINCf0YDQktC10YDRgdCe0JrQktCt0JQ9IjIwMTQiPg0KICAgICAgPNCT0KDQndCU0LDRgtCwINCT0KDQnT0iMTE0NTU0MzAwNDM4NiIg0JTQsNGC0LDQl9Cw0L/QuNGB0Lg9IjIwMTQtMDItMDUiIC8+DQogICAgPC/QodCy0J7QmtCS0K3QlNCU0L7Qvz4NCiAgICA80KHQstCe0JrQktCt0JTQlNC+0L8g0JrQvtC00J7QmtCS0K3QlD0iNzcuMzMiINCd0LDQuNC80J7QmtCS0K3QlD0i0JDRgNC10L3QtNCwINC4INC70LjQt9C40L3QsyDQvtGE0LjRgdC90YvRhSDQvNCw0YjQuNC9INC4INC+0LHQvtGA0YPQtNC+0LLQsNC90LjRjywg0LLQutC70Y7Rh9Cw0Y8g0LLRi9GH0LjRgdC70LjRgtC10LvRjNC90YPRjiDRgtC10YXQvdC40LrRgyIg0J/RgNCS0LXRgNGB0J7QmtCS0K3QlD0iMjAxNCI+DQogICAgICA80JPQoNCd0JTQsNGC0LAg0JPQoNCdPSIxMTQ1NTQzMDA0Mzg2IiDQlNCw0YLQsNCX0LDQv9C40YHQuD0iMjAxNC0wMi0wNSIgLz4NCiAgICA8L9Ch0LLQntCa0JLQrdCU0JTQvtC/Pg0KICAgIDzQodCy0J7QmtCS0K3QlNCU0L7QvyDQmtC+0LTQntCa0JLQrdCUPSI3Ny4zOS4yIiDQndCw0LjQvNCe0JrQktCt0JQ9ItCQ0YDQtdC90LTQsCDQuCDQu9C40LfQuNC90LMg0L/RgNC+0YfQuNGFINC80LDRiNC40L0g0Lgg0L7QsdC+0YDRg9C00L7QstCw0L3QuNGPLCDQvdC1INCy0LrQu9GO0YfQtdC90L3Ri9GFINCyINC00YDRg9Cz0LjQtSDQs9GA0YPQv9C/0LjRgNC+0LLQutC4IiDQn9GA0JLQtdGA0YHQntCa0JLQrdCUPSIyMDE0Ij4NCiAgICAgIDzQk9Cg0J3QlNCw0YLQsCDQk9Cg0J09IjExNDU1NDMwMDQzODYiINCU0LDRgtCw0JfQsNC/0LjRgdC4PSIyMDE0LTAyLTA1IiAvPg0KICAgIDwv0KHQstCe0JrQktCt0JTQlNC+0L8+DQogICAgPNCh0LLQntCa0JLQrdCU0JTQvtC/INCa0L7QtNCe0JrQktCt0JQ9IjgyLjk5IiDQndCw0LjQvNCe0JrQktCt0JQ9ItCU0LXRj9GC0LXQu9GM0L3QvtGB0YLRjCDQv9C+INC/0YDQtdC00L7RgdGC0LDQstC70LXQvdC40Y4g0L/RgNC+0YfQuNGFINCy0YHQv9C+0LzQvtCz0LDRgtC10LvRjNC90YvRhSDRg9GB0LvRg9CzINC00LvRjyDQsdC40LfQvdC10YHQsCwg0L3QtSDQstC60LvRjtGH0LXQvdC90LDRjyDQsiDQtNGA0YPQs9C40LUg0LPRgNGD0L/Qv9C40YDQvtCy0LrQuCIg0J/RgNCS0LXRgNGB0J7QmtCS0K3QlD0iMjAxNCI+DQogICAgICA80JPQoNCd0JTQsNGC0LAg0JPQoNCdPSIxMTQ1NTQzMDA0Mzg2IiDQlNCw0YLQsNCX0LDQv9C40YHQuD0iMjAxNC0wMi0wNSIgLz4NCiAgICA8L9Ch0LLQntCa0JLQrdCU0JTQvtC/Pg0KICA8L9Ch0LLQntCa0JLQrdCUPg0KICA80KHQstCX0LDQv9CV0JPQoNCu0Jsg0JjQtNCX0LDQvz0iMTQ1NTQzNTI5MDAwMzgwIiDQk9Cg0J09IjExNDU1NDMwMDQzODYiINCU0LDRgtCw0JfQsNC/PSIyMDE0LTAyLTA1Ij4NCiAgICA80JLQuNC00JfQsNC/INCa0L7QtNCh0J/QktCXPSIxMTIwMSIg0J3QsNC40LzQktC40LTQl9Cw0L89ItCh0L7Qt9C00LDQvdC40LUg0Y7RgNC40LTQuNGH0LXRgdC60L7Qs9C+INC70LjRhtCwIiAvPg0KICAgIDzQodCy0KDQtdCz0J7RgNCzINCa0L7QtNCd0J49IjU1NDMiINCd0LDQuNC80J3Qnj0i0JzQtdC20YDQsNC50L7QvdC90LDRjyDQuNC90YHQv9C10LrRhtC40Y8g0KTQtdC00LXRgNCw0LvRjNC90L7QuSDQvdCw0LvQvtCz0L7QstC+0Lkg0YHQu9GD0LbQsdGLIOKEliAxMiDQv9C+INCe0LzRgdC60L7QuSDQvtCx0LvQsNGB0YLQuCIgLz4NCiAgICA80KHQstC10LTQn9GA0LXQtNCU0L7Quj4NCiAgICAgIDzQndCw0LjQvNCU0L7Quj7QoDExMDAxINCX0JDQr9CS0JvQldCd0JjQlSDQniDQodCe0JfQlNCQ0J3QmNCYINCu0Js8L9Cd0LDQuNC80JTQvtC6Pg0KICAgIDwv0KHQstC10LTQn9GA0LXQtNCU0L7Quj4NCiAgICA80KHQstC10LTQn9GA0LXQtNCU0L7Quj4NCiAgICAgIDzQndCw0LjQvNCU0L7Quj7Qo9Ch0KLQkNCSINCu0Js8L9Cd0LDQuNC80JTQvtC6Pg0KICAgIDwv0KHQstC10LTQn9GA0LXQtNCU0L7Quj4NCiAgICA80KHQstC10LTQn9GA0LXQtNCU0L7Quj4NCiAgICAgIDzQndCw0LjQvNCU0L7Quj7QoNCV0KjQldCd0JjQlTwv0J3QsNC40LzQlNC+0Lo+DQogICAgICA80J3QvtC80JTQvtC6PjE8L9Cd0L7QvNCU0L7Quj4NCiAgICAgIDzQlNCw0YLQsNCU0L7Quj4yMDE0LTAxLTI3PC/QlNCw0YLQsNCU0L7Quj4NCiAgICA8L9Ch0LLQtdC00J/RgNC10LTQlNC+0Lo+DQogICAgPNCh0LLQtdC00J/RgNC10LTQlNC+0Lo+DQogICAgICA80J3QsNC40LzQlNC+0Lo+0JTQntCa0KPQnNCV0J3QoiDQntCRINCe0J/Qm9CQ0KLQlSDQk9Ce0KHQo9CU0JDQoNCh0KLQktCV0J3QndCe0Jkg0J/QntCo0JvQmNCd0Ks8L9Cd0LDQuNC80JTQvtC6Pg0KICAgICAgPNCd0L7QvNCU0L7Quj41MjIzNTU0OTg8L9Cd0L7QvNCU0L7Quj4NCiAgICAgIDzQlNCw0YLQsNCU0L7Quj4yMDE0LTAxLTI3PC/QlNCw0YLQsNCU0L7Quj4NCiAgICA8L9Ch0LLQtdC00J/RgNC10LTQlNC+0Lo+DQogICAgPNCh0LLQodCy0LjQtCDQodC10YDQuNGPPSI1NSIg0J3QvtC80LXRgD0iMDAzNzc4NTE0IiDQlNCw0YLQsNCS0YvQtNCh0LLQuNC0PSIyMDE0LTAyLTA1IiAvPg0KICA8L9Ch0LLQl9Cw0L/QldCT0KDQrtCbPg0KICA80KHQstCX0LDQv9CV0JPQoNCu0Jsg0JjQtNCX0LDQvz0iMTQ1NTQzNTM2MDAwNDk2IiDQk9Cg0J09IjIxNDU1NDMwNDM1NzgiINCU0LDRgtCw0JfQsNC/PSIyMDE0LTAyLTA1Ij4NCiAgICA80JLQuNC00JfQsNC/INCa0L7QtNCh0J/QktCXPSIxMzIwMCIg0J3QsNC40LzQktC40LTQl9Cw0L89ItCf0YDQtdC00YHRgtCw0LLQu9C10L3QuNC1INGB0LLQtdC00LXQvdC40Lkg0L7QsSDRg9GH0LXRgtC1INGO0YDQuNC00LjRh9C10YHQutC+0LPQviDQu9C40YbQsCDQsiDQvdCw0LvQvtCz0L7QstC+0Lwg0L7RgNCz0LDQvdC1IiAvPg0KICAgIDzQodCy0KDQtdCz0J7RgNCzINCa0L7QtNCd0J49IjU1NDMiINCd0LDQuNC80J3Qnj0i0JzQtdC20YDQsNC50L7QvdC90LDRjyDQuNC90YHQv9C10LrRhtC40Y8g0KTQtdC00LXRgNCw0LvRjNC90L7QuSDQvdCw0LvQvtCz0L7QstC+0Lkg0YHQu9GD0LbQsdGLIOKEliAxMiDQv9C+INCe0LzRgdC60L7QuSDQvtCx0LvQsNGB0YLQuCIgLz4NCiAgPC/QodCy0JfQsNC/0JXQk9Cg0K7Qmz4NCiAgPNCh0LLQl9Cw0L/QldCT0KDQrtCbINCY0LTQl9Cw0L89IjE0NTU0MzU0NDAwMDgyNSIg0JPQoNCdPSIyMTQ1NTQzMDU1MzM3IiDQlNCw0YLQsNCX0LDQvz0iMjAxNC0wMi0xMyI+DQogICAgPNCS0LjQtNCX0LDQvyDQmtC+0LTQodCf0JLQlz0iMTMzMDAiINCd0LDQuNC80JLQuNC00JfQsNC/PSLQn9GA0LXQtNGB0YLQsNCy0LvQtdC90LjQtSDRgdCy0LXQtNC10L3QuNC5INC+INGA0LXQs9C40YHRgtGA0LDRhtC40Lgg0Y7RgNC40LTQuNGH0LXRgdC60L7Qs9C+INC70LjRhtCwINCyINC60LDRh9C10YHRgtCy0LUg0YHRgtGA0LDRhdC+0LLQsNGC0LXQu9GPINCyINGC0LXRgNGA0LjRgtC+0YDQuNCw0LvRjNC90L7QvCDQvtGA0LPQsNC90LUg0J/QtdC90YHQuNC+0L3QvdC+0LPQviDRhNC+0L3QtNCwINCg0L7RgdGB0LjQudGB0LrQvtC5INCk0LXQtNC10YDQsNGG0LjQuCIgLz4NCiAgICA80KHQstCg0LXQs9Ce0YDQsyDQmtC+0LTQndCePSI1NTQzIiDQndCw0LjQvNCd0J49ItCc0LXQttGA0LDQudC+0L3QvdCw0Y8g0LjQvdGB0L/QtdC60YbQuNGPINCk0LXQtNC10YDQsNC70YzQvdC+0Lkg0L3QsNC70L7Qs9C+0LLQvtC5INGB0LvRg9C20LHRiyDihJYgMTIg0L/QviDQntC80YHQutC+0Lkg0L7QsdC70LDRgdGC0LgiIC8+DQogIDwv0KHQstCX0LDQv9CV0JPQoNCu0Js+DQogIDzQodCy0JfQsNC/0JXQk9Cg0K7QmyDQmNC00JfQsNC/PSIxNDU1NDM1NDQwMDA5MDMiINCT0KDQnT0iMjE0NTU0MzA1NjA5NiIg0JTQsNGC0LDQl9Cw0L89IjIwMTQtMDItMTMiPg0KICAgIDzQktC40LTQl9Cw0L8g0JrQvtC00KHQn9CS0Jc9IjEzNDAwIiDQndCw0LjQvNCS0LjQtNCX0LDQvz0i0J/RgNC10LTRgdGC0LDQstC70LXQvdC40LUg0YHQstC10LTQtdC90LjQuSDQviDRgNC10LPQuNGB0YLRgNCw0YbQuNC4INGO0YDQuNC00LjRh9C10YHQutC+0LPQviDQu9C40YbQsCDQsiDQutCw0YfQtdGB0YLQstC1INGB0YLRgNCw0YXQvtCy0LDRgtC10LvRjyDQsiDQuNGB0L/QvtC70L3QuNGC0LXQu9GM0L3QvtC8INC+0YDQs9Cw0L3QtSDQpNC+0L3QtNCwINGB0L7RhtC40LDQu9GM0L3QvtCz0L4g0YHRgtGA0LDRhdC+0LLQsNC90LjRjyDQoNC+0YHRgdC40LnRgdC60L7QuSDQpNC10LTQtdGA0LDRhtC40LgiIC8+DQogICAgPNCh0LLQoNC10LPQntGA0LMg0JrQvtC00J3Qnj0iNTU0MyIg0J3QsNC40LzQndCePSLQnNC10LbRgNCw0LnQvtC90L3QsNGPINC40L3RgdC/0LXQutGG0LjRjyDQpNC10LTQtdGA0LDQu9GM0L3QvtC5INC90LDQu9C+0LPQvtCy0L7QuSDRgdC70YPQttCx0Ysg4oSWIDEyINC/0L4g0J7QvNGB0LrQvtC5INC+0LHQu9Cw0YHRgtC4IiAvPg0KICA8L9Ch0LLQl9Cw0L/QldCT0KDQrtCbPg0KICA80KHQstCX0LDQv9CV0JPQoNCu0Jsg0JjQtNCX0LDQvz0iMTQ1NTQzNjI3MDAxMzMwIiDQk9Cg0J09IjIxNDU1NDMyNjkwMjMiINCU0LDRgtCw0JfQsNC/PSIyMDE0LTA1LTA3Ij4NCiAgICA80JLQuNC00JfQsNC/INCa0L7QtNCh0J/QktCXPSIxMzgwMSIg0J3QsNC40LzQktC40LTQl9Cw0L89ItCf0YDQtdC00YHRgtCw0LLQu9C10L3QuNC1INGB0LLQtdC00LXQvdC40Lkg0L4g0LLRi9C00LDRh9C1INC40LvQuCDQt9Cw0LzQtdC90LUg0LTQvtC60YPQvNC10L3RgtC+0LIsINGD0LTQvtGB0YLQvtCy0LXRgNGP0Y7RidC40YUg0LvQuNGH0L3QvtGB0YLRjCDQs9GA0LDQttC00LDQvdC40L3QsCDQoNC+0YHRgdC40LnRgdC60L7QuSDQpNC10LTQtdGA0LDRhtC40Lgg0L3QsCDRgtC10YDRgNC40YLQvtGA0LjQuCDQoNC+0YHRgdC40LnRgdC60L7QuSDQpNC10LTQtdGA0LDRhtC40LgiIC8+DQogICAgPNCh0LLQoNC10LPQntGA0LMg0JrQvtC00J3Qnj0iNTU0MyIg0J3QsNC40LzQndCePSLQnNC10LbRgNCw0LnQvtC90L3QsNGPINC40L3RgdC/0LXQutGG0LjRjyDQpNC10LTQtdGA0LDQu9GM0L3QvtC5INC90LDQu9C+0LPQvtCy0L7QuSDRgdC70YPQttCx0Ysg4oSWIDEyINC/0L4g0J7QvNGB0LrQvtC5INC+0LHQu9Cw0YHRgtC4IiAvPg0KICAgIDzQodCy0LXQtNCf0YDQtdC00JTQvtC6Pg0KICAgICAgPNCd0LDQuNC80JTQvtC6PtCh0LLQtdC00LXQvdC40Y8g0L7QsSDQuNC30LzQtdC90LXQvdC40Lgg0L/QsNGB0L/QvtGA0YLQvdGL0YUg0LTQsNC90L3Ri9GFINCk0JsgKNC/0L4g0LTQsNC90L3Ri9C8INCk0JzQoSDQoNC+0YHRgdC40LgpPC/QndCw0LjQvNCU0L7Quj4NCiAgICAgIDzQlNCw0YLQsNCU0L7Quj4yMDE0LTA1LTA3PC/QlNCw0YLQsNCU0L7Quj4NCiAgICA8L9Ch0LLQtdC00J/RgNC10LTQlNC+0Lo+DQogIDwv0KHQstCX0LDQv9CV0JPQoNCu0Js+DQo8L9Ch0LLQrtCbPg==""}"
https://dsvc-api.taxcom.ru/v1/organization/property/unfair-compliant-inclusion;"{""id"": ""18951553""}";True;"{""status"": ""1""}"
https://dsvc-api.taxcom.ru/v1/organization/property-list/address-history;"{""paging"": {""item"": 0, ""rows"": 3}, ""id"": ""4378038""}";True;"{""paging"": {""item"": 0, ""rows"": 3, ""count"": 1}, ""items"": [{""index"": ""665716"", ""regionCode"": ""38"", ""regionType"": ""ОБЛАСТЬ"", ""regionName"": ""ИРКУТСКАЯ"", ""areaType"": null, ""areaName"": null, ""cityType"": ""ГОРОД"", ""cityName"": ""БРАТСК"", ""settlementType"": ""ЖИЛОЙ РАЙОН"", ""settlementName"": ""ЦЕНТРАЛЬНЫЙ"", ""streetType"": ""ПЛОЩАДКА"", ""streetName"": ""ПРОМЗОНА БРАЗА"", ""house"": ""ДОМ П06420200"", ""building"": null, ""structure"": null, ""flat"": null, ""room"": null, ""date"": ""2016-03-15""}]}"
https://dsvc-api.taxcom.ru/v1/organization/property-list/established;"{""paging"": {""item"": 0, ""rows"": 3}, ""id"": ""6354622""}";True;"{""paging"":{""item"":0,""rows"":3,""count"":52},""items"":[{""id"":""16116792"",""type"":""organization"",""inn"":""7701531387"",""ogrn"":""1047796226950"",""name"":""ОБЩЕСТВО С ОГРАНИЧЕННОЙ ОТВЕТСТВЕННОСТЬЮ \""РУБИН\"""",""contribution"":""10000.0000"",""date"":""2017-12-20T00:00:00.000Z"",""status"":null,""statusGroup"":0},{""id"":""12127077"",""type"":""organization"",""inn"":""7727712331"",""ogrn"":""1107746158629"",""name"":""ОБЩЕСТВО С ОГРАНИЧЕННОЙ ОТВЕТСТВЕННОСТЬЮ \""ГПБ - ФАКТОРИНГ\"""",""contribution"":""149970000.0000"",""date"":""2017-09-07T00:00:00.000Z"",""status"":null,""statusGroup"":0},{""id"":""12624185"",""type"":""organization"",""inn"":""7727842041"",""ogrn"":""1147746947260"",""name"":""ОБЩЕСТВО С ОГРАНИЧЕННОЙ ОТВЕТСТВЕННОСТЬЮ \""КАШТАН\"""",""contribution"":""44995500.0000"",""date"":""2017-05-05T00:00:00.000Z"",""status"":null,""statusGroup"":0}]}"
https://dsvc-api.taxcom.ru/v1/organization/property-list/established-history;"{""paging"": {""item"": 0, ""rows"": 3}, ""id"": ""6354622""}";True;"{""paging"":{""item"":0,""rows"":3,""count"":52},""items"":[{""id"":""16116792"",""type"":""organization"",""inn"":""7701531387"",""ogrn"":""1047796226950"",""name"":""ОБЩЕСТВО С ОГРАНИЧЕННОЙ ОТВЕТСТВЕННОСТЬЮ \""РУБИН\"""",""contribution"":""10000.0000"",""date"":""2017-12-20T00:00:00.000Z"",""status"":null,""statusGroup"":0,""dateVersion"":""2017-12-20T00:00:00.000Z""},{""id"":""12192211"",""type"":""organization"",""inn"":""7728863750"",""ogrn"":""5137746148876"",""name"":""ОБЩЕСТВО С ОГРАНИЧЕННОЙ ОТВЕТСТВЕННОСТЬЮ \""КРИОГАЗ-ВЫСОЦК\"""",""contribution"":""1396245000.0000"",""date"":""2017-04-03T00:00:00.000Z"",""status"":null,""statusGroup"":0,""dateVersion"":""2017-11-30T00:00:00.000Z""},{""id"":""12383519"",""type"":""organization"",""inn"":""9705055855"",""ogrn"":""5157746145167"",""name"":""АНАЛИТИЧЕСКОЕ КРЕДИТНОЕ РЕЙТИНГОВОЕ АГЕНТСТВО (АКЦИОНЕРНОЕ ОБЩЕСТВО)"",""contribution"":""111112000.0000"",""date"":""2015-12-07T00:00:00.000Z"",""status"":null,""statusGroup"":0,""dateVersion"":""2017-11-27T00:00:00.000Z""}]}"
https://dsvc-api.taxcom.ru/v1/organization/property-list/event;"{""paging"": {""item"": 0, ""rows"": 3}, ""id"": ""14966945""}";True;"{""paging"": {""item"": 0, ""rows"": 3, ""count"": 6}, ""items"": [{""grn"": ""2103459061616"", ""date"": ""2010-03-26T00:00:00.000Z"", ""description"": ""Исправление ошибок, допущенных РО""}, {""grn"": ""2103459029683"", ""date"": ""2010-02-12T00:00:00.000Z"", ""description"": ""Внесение сведений о регистрации в ПФ РФ""}, {""grn"": ""2063459011339"", ""date"": ""2006-02-08T00:00:00.000Z"", ""description"": ""Внесение сведений о регистрации в ПФ РФ""}]}"
https://dsvc-api.taxcom.ru/v1/organization/property-list/founder;"{""paging"": {""item"": 0, ""rows"": 3}, ""id"": ""6046323""}";True;"{""paging"":{""item"":0,""rows"":3,""count"":4},""items"":[{""id"":""6939111"",""id_founder"":""3789902"",""type"":""person"",""inn"":""773500956940"",""ogrn"":""313774614300791"",""name"":null,""lastName"":""ЦАРЕВ"",""firstName"":""НИКОЛАЙ"",""middleName"":""ВЛАДИМИРОВИЧ"",""contribution"":""10020.0000"",""date"":""2017-01-17T00:00:00.000Z"",""invalidData"":""0""},{""id"":null,""id_founder"":""3789897"",""type"":""person"",""inn"":""027802668775"",""ogrn"":null,""name"":null,""lastName"":""ХАЗОВА"",""firstName"":""ОЛЬГА"",""middleName"":""ИВАНОВНА"",""contribution"":""10020.0000"",""date"":""2016-08-29T00:00:00.000Z"",""invalidData"":""0""},{""id"":""12577135"",""id_founder"":""3789907"",""type"":""organization"",""inn"":""3444122944"",""ogrn"":""1053444053794"",""name"":""ОБЩЕСТВО С ОГРАНИЧЕННОЙ ОТВЕТСТВЕННОСТЬЮ \""БЕЛТОН\"""",""lastName"":null,""firstName"":null,""middleName"":null,""contribution"":""10020.0000"",""date"":""2012-11-14T00:00:00.000Z"",""invalidData"":""0""}]}"
https://dsvc-api.taxcom.ru/v1/organization/property-list/founder-history;"{""paging"": {""item"": 0, ""rows"": 3}, ""id"": ""6046323""}";True;"{""paging"":{""item"":0,""rows"":3,""count"":13},""items"":[{""id"":""6939111"",""id_founder"":""3789902"",""type"":""person"",""inn"":""773500956940"",""ogrn"":null,""name"":null,""lastName"":""ЦАРЕВ"",""firstName"":""НИКОЛАЙ"",""middleName"":""ВЛАДИМИРОВИЧ"",""contribution"":""10020.0000"",""date"":""2017-01-17T00:00:00.000Z"",""dateVersion"":""2017-01-26T00:00:00.000Z""},{""id"":null,""id_founder"":""3789897"",""type"":""person"",""inn"":""027802668775"",""ogrn"":null,""name"":null,""lastName"":""ХАЗОВА"",""firstName"":""ОЛЬГА"",""middleName"":""ИВАНОВНА"",""contribution"":""10020.0000"",""date"":""2016-08-29T00:00:00.000Z"",""dateVersion"":""2017-01-26T00:00:00.000Z""},{""id"":""12577135"",""id_founder"":""3789907"",""type"":""organization"",""inn"":null,""ogrn"":""1053444053794"",""name"":""ОБЩЕСТВО С ОГРАНИЧЕННОЙ ОТВЕТСТВЕННОСТЬЮ \""БЕЛТОН\"""",""lastName"":null,""firstName"":null,""middleName"":null,""contribution"":""10020.0000"",""date"":""2012-11-14T00:00:00.000Z"",""dateVersion"":""2017-01-26T00:00:00.000Z""}]}"
https://dsvc-api.taxcom.ru/v1/organization/property-list/headed;"{""paging"": {""item"": 0, ""rows"": 3}, ""id"": ""8526628""}";True;"{""paging"": {""item"": 0, ""rows"": 3, ""count"": 1}, ""items"": [{""id"": ""10473"", ""type"": ""organization"", ""inn"": ""2308058409"", ""ogrn"": ""1022301172607"", ""status"": 304, ""statusGroup"": 2, ""position"": null, ""name"": ""ОТКРЫТОЕ АКЦИОНЕРНОЕ ОБЩЕСТВО ПРЕДПРИЯТИЕ ГОРОДСКИХ ЭЛЕКТРИЧЕСКИХ СЕТЕЙ \""КРАСНОДАРЭЛЕКТРО\"""", ""date"": ""2005-04-19T00:00:00.000Z""}]}"
https://dsvc-api.taxcom.ru/v1/organization/property-list/iplegallist;"{""paging"": {""item"": 0, ""rows"": 3}, ""id"": ""23041637""}";True;"{""paging"": {""item"": 0, ""rows"": 3, ""count"": 1}, ""items"": []}"
https://dsvc-api.taxcom.ru/v1/organization/property-list/leader;"{""paging"": {""item"": 0, ""rows"": 3}, ""id"": ""22410743""}";True;"{""paging"": {""item"": 0, ""rows"": 3, ""count"": 3}, ""items"": [{""id"": null, ""id_leader"": ""8576291"", ""type"": ""organization"", ""inn"": ""9909236218"", ""ogrn"": null, ""position"": null, ""name"": ""ЗАКРЫТОЕ АКЦИОНЕРНОЕ ОБЩЕСТВО \""РУСАЛ ГЛОБАЛ МЕНЕДЖМЕНТ Б.В. \"""", ""lastName"": null, ""firstName"": null, ""middleName"": null, ""date"": ""2017-08-15T00:00:00.000Z"", ""invalidData"": ""0""}, {""id"": null, ""id_leader"": ""8576288"", ""type"": ""organization"", ""inn"": null, ""ogrn"": null, ""position"": null, ""name"": ""ЗАКРЫТОЕ АКЦИОНЕРНОЕ ОБЩЕСТВО \""РУСАЛ ГЛОБАЛ МЕНЕДЖМЕНТ Б.В. \"" (PRIVATE LIMITED LIABILITY COMPANY \""RUSAL GLOBAL MANAGEMENT B.V.\"""", ""lastName"": null, ""firstName"": null, ""middleName"": null, ""date"": ""2013-11-01T00:00:00.000Z"", ""invalidData"": ""0""}, {""id"": null, ""id_leader"": ""8576287"", ""type"": ""organization"", ""inn"": null, ""ogrn"": null, ""position"": null, ""name"": ""ЗАКРЫТОЕ АКЦИОНЕРНОЕ ОБЩЕСТВО \""РУСАЛ ГЛОБАЛ МЕНЕДЖМЕНТ Б.В.\"" (PRIVATE LIMITED LIABILITY COMPANY \""RUSAL GLOBAL MANAGEMENT B.V.\"")"", ""lastName"": null, ""firstName"": null, ""middleName"": null, ""date"": ""2011-12-15T00:00:00.000Z"", ""invalidData"": ""0""}]}"
https://dsvc-api.taxcom.ru/v1/organization/property-list/leader-history;"{""paging"": {""item"": 0, ""rows"": 3}, ""id"": ""11251799""}";True;"{""paging"": {""item"": 0, ""rows"": 3, ""count"": 1}, ""items"": [{""id"": null, ""id_leader"": ""4232372"", ""type"": ""person"", ""inn"": ""614701458303"", ""ogrn"": null, ""position"": ""ПРЕДСТАВИТЕЛЬ КОНКУРСНОГО УПРАВЛЯЮЩЕГО"", ""name"": null, ""lastName"": ""ТКАЧЕВА"", ""firstName"": ""ИРИНА"", ""middleName"": ""АЛЕКСАНДРОВНА"", ""date"": ""2017-03-27T00:00:00.000Z"", ""invalidData"": ""0"", ""dateVersion"": ""2017-09-11""}]}"
https://dsvc-api.taxcom.ru/v1/organization/property-list/license;"{""paging"": {""item"": 0, ""rows"": 3}, ""id"": ""6046323""}";True;"{""paging"": {""item"": 0, ""rows"": 3, ""count"": 7}, ""items"": [{""number"": ""0878"", ""name"": ""Деятельность по технической защите конфиденциальной информации"", ""grn"": ""6167747085380"", ""date"": ""2016-05-17T00:00:00.000Z"", ""startDate"": ""2009-09-04"", ""endDate"": null, ""address"": null, ""agency"": ""Федеральная служба по техническому и экспортному контролю"", ""grnCorrect"": null, ""dateCorrect"": null, ""suspensionGrn"": null, ""suspensionGrnDate"": null, ""suspensionGrnCorrect"": null, ""suspensionDateCorrect"": null, ""suspensionDate"": null, ""suspensionAgency"": null, ""series"": null, ""type"": null, ""licenseDate"": ""2009-09-04""}, {""number"": ""1540"", ""name"": ""Разработка и производство средств защиты конфиденциальной информации"", ""grn"": ""6167747085390"", ""date"": ""2016-05-17T00:00:00.000Z"", ""startDate"": ""2016-04-26"", ""endDate"": null, ""address"": null, ""agency"": ""Федеральная служба по техническому и экспортному контролю"", ""grnCorrect"": null, ""dateCorrect"": null, ""suspensionGrn"": null, ""suspensionGrnDate"": null, ""suspensionGrnCorrect"": null, ""suspensionDateCorrect"": null, ""suspensionDate"": null, ""suspensionAgency"": null, ""series"": null, ""type"": null, ""licenseDate"": ""2016-04-26""}, {""number"": ""140350 1"", ""name"": ""Телематические услуги связи"", ""grn"": ""6167746461811"", ""date"": ""2016-02-18T00:00:00.000Z"", ""startDate"": ""2016-05-25"", ""endDate"": ""2021-05-25"", ""address"": ""Москва"", ""agency"": ""Федеральная служба по надзору в сфере связи, информационных технологий и массовых коммуникаций"", ""grnCorrect"": null, ""dateCorrect"": null, ""suspensionGrn"": null, ""suspensionGrnDate"": null, ""suspensionGrnCorrect"": null, ""suspensionDateCorrect"": null, ""suspensionDate"": null, ""suspensionAgency"": null, ""series"": null, ""type"": null, ""licenseDate"": ""2016-05-25""}]}"
https://dsvc-api.taxcom.ru/v1/organization/property-list/name-history;"{""paging"": {""item"": 0, ""rows"": 3}, ""id"": ""6046323""}";True;"{""paging"": {""item"": 0, ""rows"": 3, ""count"": 1}, ""items"": [{""name"": ""ОБЩЕСТВО С ОГРАНИЧЕННОЙ ОТВЕТСТВЕННОСТЬЮ \""ТАКСКОМ\"""", ""date"": ""2002-07-29T00:00:00.000Z""}]}"
https://dsvc-api.taxcom.ru/v1/organization/property-list/okved;"{""paging"": {""item"": 0, ""rows"": 3}, ""id"": ""14903338""}";True;"{""paging"": {""item"": 0, ""rows"": 3, ""count"": 62}, ""items"": [{""code"": ""01.19   "", ""description"": ""Выращивание прочих однолетних культур"", ""date"": ""2017-10-03T00:00:00.000Z"", ""type"": ""0"", ""version"": ""2014""}, {""code"": ""01.29   "", ""description"": ""Выращивание прочих многолетних культур"", ""date"": ""2017-10-03T00:00:00.000Z"", ""type"": ""0"", ""version"": ""2014""}, {""code"": ""10.91   "", ""description"": ""Производство готовых кормов для животных, содержащихся на фермах"", ""date"": ""2017-10-03T00:00:00.000Z"", ""type"": ""1"", ""version"": ""2014""}]}"
https://dsvc-api.taxcom.ru/v1/organization/property-list/planned-inspection;"{""paging"": {""item"": 0, ""rows"": 3}, ""id"": ""22088661""}";True;"{""paging"": {""item"": 0, ""rows"": 3, ""count"": 0}, ""items"": []}"
https://dsvc-api.taxcom.ru/v1/organization/property-list/trademarks;"{""paging"": {""item"": 0, ""rows"": 3}, ""id"": ""21220000""}";True;"{""paging"": {""item"": 0, ""rows"": 3, ""count"": 0}, ""items"": []}"
https://dsvc-api.taxcom.ru/v1/organization/property-list/unfair-compliant;"{""paging"": {""item"": 0, ""rows"": 3}, ""id"": ""15442305""}";False;
https://dsvc-api.taxcom.ru/v1/organization/property-list/unplanned-inspection;"{""paging"": {""item"": 0, ""rows"": 3}, ""id"": ""22040391""}";True;"{""paging"": {""item"": 0, ""rows"": 3, ""count"": 0}, ""items"": []}"
https://dsvc-api.taxcom.ru/v1/organization/relation/founder_in;"{""paging"": {""item"": 0, ""rows"": 3}, ""id"": ""10433610""}";True;"{""paging"": {""item"": 0, ""rows"": 3, ""count"": 30}, ""items"": [{""id"": ""14503512"", ""opfId"": 0, ""fullName"": ""ОТКРЫТОЕ АКЦИОНЕРНОЕ ОБЩЕСТВО \""ГОСТИНИЧНЫЙ КОМПЛЕКС \""ШЕРЕМЕТЬЕВО-2\"""", ""shortName"": ""ОАО \""ГК \""ШЕРЕМЕТЬЕВО-2\"""", ""inn"": ""7712029041"", ""kpp"": ""504701001"", ""ogrn"": ""1025006171190"", ""address"": null, ""addressId"": null, ""regionCode"": null, ""regionName"": null, ""leaders"": ""ЧЕРНОВ ГРИГОРИЙ ЕГОРОВИЧ"", ""founders"": ""ОТКРЫТОЕ АКЦИОНЕРНОЕ ОБЩЕСТВО \""АЭРОФЛОТ-РОССИЙСКИЕ АВИАЛИНИИ\""; МИНИСТЕРСТВО ИМУЩЕСТВЕННЫХ ОТНОШЕНИЙ РОССИЙСКОЙ ФЕДЕРАЦИИ"", ""status"": null, ""statusGroup"": ""1"", ""okvedCode"": ""47.11   "", ""okvedName"": ""Торговля розничная преимущественно пищевыми продуктами, включая напитки, и табачными изделиями в неспециализированных магазинах"", ""okvedGroup"": null}, {""id"": ""18890171"", ""opfId"": 0, ""fullName"": ""АКЦИОНЕРНОЕ ОБЩЕСТВО ЗАКРЫТОГО ТИПА \""АСТА\"" \""ASTA\"""", ""shortName"": ""\""ASTA\"""", ""inn"": ""7712050050"", ""kpp"": ""774301010"", ""ogrn"": ""5077746241403"", ""address"": null, ""addressId"": null, ""regionCode"": null, ""regionName"": null, ""leaders"": ""ЧЕРЕПАНИН СЕРГЕЙ АЛЕКСЕЕВИЧ"", ""founders"": ""\""АЭРОФЛОТ-РОССИЙСКИЕ АВИАЛИНИИ\"""", ""status"": null, ""statusGroup"": ""3"", ""okvedCode"": null, ""okvedName"": null, ""okvedGroup"": null}, {""id"": ""8161773"", ""opfId"": 0, ""fullName"": ""ОБЩЕСТВО С ОГРАНИЧЕННОЙ ОТВЕТСТВЕННОСТЬЮ \""АВИА-ЛИЗИНГ\"""", ""shortName"": ""ООО \""АВИА-ЛИЗИНГ\"""", ""inn"": ""7714165321"", ""kpp"": ""771401001"", ""ogrn"": ""1027739319497"", ""address"": null, ""addressId"": null, ""regionCode"": null, ""regionName"": null, ""leaders"": ""БАЛАСАНОВА ИРИНА ВЛАДИМИРОВНА"", ""founders"": ""ОТКРЫТОЕ АКЦИОНЕРНОЕ ОБЩЕСТВО \""АЭРОФЛОТ-РОССИЙСКИЕ АВИАЛИНИИ\"""", ""status"": null, ""statusGroup"": ""3"", ""okvedCode"": null, ""okvedName"": null, ""okvedGroup"": null}]}"
https://dsvc-api.taxcom.ru/v1/organization/relation/leader_in;"{""paging"": {""item"": 0, ""rows"": 3}, ""id"": ""23087108""}";True;"{""paging"": {""item"": 0, ""rows"": 3, ""count"": 45}, ""items"": [{""id"": ""1900395"", ""opfId"": 0, ""fullName"": ""ОБЩЕСТВО С ОГРАНИЧЕННОЙ ОТВЕТСТВЕННОСТЬЮ \""АВИЛОН\"""", ""shortName"": ""ООО \""АВИЛОН\"""", ""inn"": ""1832095341"", ""kpp"": ""183201001"", ""ogrn"": ""1121832000740"", ""address"": null, ""addressId"": null, ""regionCode"": null, ""regionName"": null, ""leaders"": ""ОБЩЕСТВО С ОГРАНИЧЕННОЙ ОТВЕТСТВЕННОСТЬЮ \""АЙКОН\"""", ""founders"": ""ОБЩЕСТВО С ОГРАНИЧЕННОЙ ОТВЕТСТВЕННОСТЬЮ \""АЙКОН\"""", ""status"": null, ""statusGroup"": ""3"", ""okvedCode"": ""65.2    "", ""okvedName"": ""Прочее финансовое посредничество"", ""okvedGroup"": null}, {""id"": ""11818632"", ""opfId"": 0, ""fullName"": ""ОБЩЕСТВО С ОГРАНИЧЕННОЙ ОТВЕТСТВЕННОСТЬЮ \""АВТОЛИДЕР\"""", ""shortName"": ""ООО \""АВТОЛИДЕР\"""", ""inn"": ""1831108534"", ""kpp"": ""027501001"", ""ogrn"": ""1051800654894"", ""address"": null, ""addressId"": null, ""regionCode"": null, ""regionName"": null, ""leaders"": ""ОБЩЕСТВО С ОГРАНИЧЕННОЙ ОТВЕТСТВЕННОСТЬЮ \""АЙКОН\"""", ""founders"": ""ИПАТОВА ОЛЬГА ВЛАДИМИРОВНА"", ""status"": null, ""statusGroup"": ""3"", ""okvedCode"": ""45.31.1 "", ""okvedName"": ""Торговля оптовая автомобильными деталями, узлами и принадлежностями, кроме деятельности агентов"", ""okvedGroup"": null}, {""id"": ""15707089"", ""opfId"": 0, ""fullName"": ""ОБЩЕСТВО С ОГРАНИЧЕННОЙ ОТВЕТСТВЕННОСТЬЮ \""АК ЛИЗИНГ\"""", ""shortName"": ""ООО \""АК ЛИЗИНГ\"""", ""inn"": ""1834045890"", ""kpp"": ""590401001"", ""ogrn"": ""1081840007776"", ""address"": null, ""addressId"": null, ""regionCode"": null, ""regionName"": null, ""leaders"": ""ОБЩЕСТВО С ОГРАНИЧЕННОЙ ОТВЕТСТВЕННОСТЬЮ \""АЙКОН\"""", ""founders"": ""ТЕРЕХОВ СЕРГЕЙ ВЛАДИМИРОВИЧ"", ""status"": null, ""statusGroup"": ""3"", ""okvedCode"": ""70.2    "", ""okvedName"": ""Сдача внаем собственного недвижимого имущества"", ""okvedGroup"": null}]}"
https://dsvc-api.taxcom.ru/v1/organization-unfair-compliant/model;"{""id"": ""4398""}";True;"{""number"": ""РНП.50108-15"", ""inn"": ""1431012490"", ""kpp"": """", ""name"": ""ОБЩЕСТВО С ОГРАНИЧЕННОЙ ОТВЕТСТВЕННОСТЬЮ СТРОИТЕЛЬНО-ПРОИЗВОДСТВЕННАЯ КОМПАНИЯ \""ГРАНД\"""", ""included"": ""2015-06-09T00:00:00.000Z"", ""excluded"": """", ""excludeName"": """", ""agency"": ""Управление Федеральной антимонопольной службы по Республике Саха (Якутия)"", ""reason"": """", ""fzNum"": ""44"", ""customerName"": ""ГОСУДАРСТВЕННОЕ БЮДЖЕТНОЕ УЧРЕЖДЕНИЕ РЕСПУБЛИКИ САХА (ЯКУТИЯ) \""РЕСПУБЛИКАНСКАЯ БОЛЬНИЦА №1 - НАЦИОНАЛЬНЫЙ ЦЕНТР МЕДИЦИНЫ\"""", ""customerInn"": ""1435099188"", ""customerKpp"": ""143501001"", ""customerAddress"": ""Российская Федерация, 677013, Саха /Якутия/ Респ, Якутск г, СЕРГЕЛЯХСКОЕ, 4"", ""purchaseName"": ""Выполнение работ по замене облицовки стен помещений ГБУ РС (Я) \""РБ№1-НЦМ\"""", ""purchase"": ""0116200007914001552"", ""purchaseType"": """", ""purchaseDate"": """", ""purchaseTotalDate"": null, ""purchaseCancelDate"": null, ""purchaseNumber"": """", ""purchaseDocumentName"": """", ""purchaseDocumentDate"": """", ""purchaseDocumentNumber"": """", ""contractDate"": ""2014-05-16T00:00:00.000Z"", ""contractItems"": ""Выполнение работ по некапитальной перепланировке помещений"", ""contractCode"": """", ""contractCurrency"": ""RUB"", ""contractPrice"": ""645000"", ""contractTime"": ""2014-06-30"", ""contractTerminationGround"": ""Решение заказчика об одностороннем отказе от исполнения контракта"", ""contractTerminationDate"": ""2014-10-13T00:00:00.000Z"", ""contractRegNumber"": null}"
https://dsvc-api.taxcom.ru/v1/person/model;"{""id"": ""4503420""}";True;"{""id"": ""4503420"", ""lastName"": ""ДЕРИПАСКА"", ""firstName"": ""ОЛЕГ"", ""middleName"": ""ВЛАДИМИРОВИЧ"", ""inn"": ""190200291847""}"
https://dsvc-api.taxcom.ru/v1/person/property/disqualified;"{""id"": ""36059""}";True;"{""status"": ""1""}"
https://dsvc-api.taxcom.ru/v1/person/property/massfounder;"{""id"": ""13365974""}";True;"{""status"": ""2""}"
https://dsvc-api.taxcom.ru/v1/person/property/massleader;"{""id"": ""21931213""}";True;"{""status"": ""2""}"
https://dsvc-api.taxcom.ru/v1/person/property-list/established;"{""paging"": {""item"": 0, ""rows"": 3}, ""id"": ""4503420""}";True;"{""paging"":{""item"":0,""rows"":3,""count"":14},""items"":[{""id"":""16962468"",""type"":""person"",""inn"":""7730222986"",""ogrn"":""1167700074850"",""name"":""ФОНД РАЗВИТИЯ ТЕОРЕТИЧЕСКОЙ ФИЗИКИ И МАТЕМАТИКИ «БАЗИС»"",""contribution"":null,""date"":""2016-12-09T00:00:00.000Z"",""status"":null,""statusGroup"":0},{""id"":""8265018"",""type"":""person"",""inn"":""2356048954"",""ogrn"":""1092356000648"",""name"":""ОБЩЕСТВО С ОГРАНИЧЕННОЙ ОТВЕТСТВЕННОСТЬЮ \""СОКОЛЬСКИЙ-АГРО\"""",""contribution"":""28851197.6300"",""date"":""2015-11-18T00:00:00.000Z"",""status"":null,""statusGroup"":0},{""id"":""22919110"",""type"":""person"",""inn"":""2373980290"",""ogrn"":""1132300004990"",""name"":""НЕКОММЕРЧЕСКИЙ ФОНД ПОДДЕРЖКИ КУЛЬТУРЫ, НАУКИ, ОБРАЗОВАНИЯ И ЗДРАВООХРАНЕНИЯ \""ВОЛЬНОЕ ДЕЛО-ЮГ\"""",""contribution"":null,""date"":""2013-10-17T00:00:00.000Z"",""status"":null,""statusGroup"":0}]}"
https://dsvc-api.taxcom.ru/v1/person/property-list/established-history;"{""paging"": {""item"": 0, ""rows"": 3}, ""id"": ""4503420""}";True;"{""paging"":{""item"":0,""rows"":3,""count"":14},""items"":[{""id"":""16962468"",""type"":""person"",""inn"":""7730222986"",""ogrn"":""1167700074850"",""name"":""ФОНД РАЗВИТИЯ ТЕОРЕТИЧЕСКОЙ ФИЗИКИ И МАТЕМАТИКИ «БАЗИС»"",""contribution"":null,""date"":""2016-12-09T00:00:00.000Z"",""status"":null,""statusGroup"":0,""dateVersion"":""2017-10-04T00:00:00.000Z""},{""id"":""8265018"",""type"":""person"",""inn"":""2356048954"",""ogrn"":""1092356000648"",""name"":""ОБЩЕСТВО С ОГРАНИЧЕННОЙ ОТВЕТСТВЕННОСТЬЮ \""СОКОЛЬСКИЙ-АГРО\"""",""contribution"":""28851197.6300"",""date"":""2015-11-18T00:00:00.000Z"",""status"":null,""statusGroup"":0,""dateVersion"":""2017-10-12T00:00:00.000Z""},{""id"":""22919110"",""type"":""person"",""inn"":""2373980290"",""ogrn"":""1132300004990"",""name"":""НЕКОММЕРЧЕСКИЙ ФОНД ПОДДЕРЖКИ КУЛЬТУРЫ, НАУКИ, ОБРАЗОВАНИЯ И ЗДРАВООХРАНЕНИЯ \""ВОЛЬНОЕ ДЕЛО-ЮГ\"""",""contribution"":null,""date"":""2013-10-17T00:00:00.000Z"",""status"":null,""statusGroup"":0,""dateVersion"":""2017-07-06T00:00:00.000Z""}]}"
https://dsvc-api.taxcom.ru/v1/person/property-list/headed;"{""paging"": {""item"": 0, ""rows"": 3}, ""id"": ""4398""}";True;"{""paging"":{""item"":0,""rows"":3,""count"":5},""items"":[{""id"":""23326006"",""type"":""organization"",""inn"":""3702950873"",""ogrn"":""1123700000742"",""status"":null,""statusGroup"":0,""position"":""ПРЕДСЕДАТЕЛЬ РЕГИОНАЛЬНОГО ИСПОЛНИТЕЛЬНОГО КОМИТЕТА"",""name"":""РЕГИОНАЛЬНОЕ ОТДЕЛЕНИЕ В ИВАНОВСКОЙ ОБЛАСТИ ПОЛИТИЧЕСКОЙ ПАРТИИ \""ГРАЖДАНСКАЯ ПЛАТФОРМА\"""",""date"":""2016-06-29T00:00:00.000Z""},{""id"":""5328982"",""type"":""organization"",""inn"":""9715257353"",""ogrn"":""1167746424724"",""status"":null,""statusGroup"":0,""position"":""ГЕНЕРАЛЬНЫЙ ДИРЕКТОР"",""name"":""ОБЩЕСТВО С ОГРАНИЧЕННОЙ ОТВЕТСТВЕННОСТЬЮ \""МАСТЕР КЛИНИНГ\"""",""date"":""2016-04-27T00:00:00.000Z""},{""id"":""23279293"",""type"":""organization"",""inn"":""6950980849"",""ogrn"":""1126900001381"",""status"":null,""statusGroup"":0,""position"":""ПРЕДСЕДАТЕЛЬ РЕГИОНАЛЬНОГО ИСПОЛНИТЕЛЬНОГО КОМИТЕТА"",""name"":""РЕГИОНАЛЬНОЕ ОТДЕЛЕНИЕ В ТВЕРСКОЙ ОБЛАСТИ ПОЛИТИЧЕСКОЙ ПАРТИИ \""ГРАЖДАНСКАЯ ПЛАТФОРМА\"""",""date"":""2016-04-19T00:00:00.000Z""}]}"
https://dsvc-api.taxcom.ru/v1/person/relation/founder_in;"{""paging"": {""item"": 0, ""rows"": 3}, ""id"": ""4398""}";False;"{""paging"":{""item"":0,""rows"":1,""count"":1},""items"":[{""id"":""4398"",""type"":""person"",""fullName"":""ЦЕХМИСТРЕНКО ФЕДОР СЕРГЕЕВИЧ"",""shortName"":null,""inn"":""770474061704"",""kpp"":null,""ogrn"":""317774600047572"",""address"":null,""addressId"":null,""regionCode"":null,""regionName"":null,""leaders"":null,""founders"":null,""status"":null,""statusGroup"":""0"",""okvedCode"":""59.11"",""okvedName"":""Производство кинофильмов, видеофильмов и телевизионных программ"",""okvedGroup"":""10""}]}"
https://dsvc-api.taxcom.ru/v1/person/relation/leader_in;"{""paging"": {""item"": 0, ""rows"": 3}, ""id"": ""4398""}";False;"{""paging"":{""item"":0,""rows"":3,""count"":5},""items"":[{""id"":""17460328"",""type"":""organization"",""fullName"":""РЕГИОНАЛЬНОЕ ОТДЕЛЕНИЕ В ВОЛОГОДСКОЙ ОБЛАСТИ ПОЛИТИЧЕСКОЙ ПАРТИИ \""ГРАЖДАНСКАЯ ПЛАТФОРМА\"""",""shortName"":""ВРО ПАРТИЯ \""ГРАЖДАНСКАЯ ПЛАТФОРМА\"""",""inn"":""3528999308"",""kpp"":""352501001"",""ogrn"":""1133500000700"",""address"":""161140, ОБЛАСТЬ ВОЛОГОДСКАЯ, РАЙОН УСТЬ-КУБИНСКИЙ, СЕЛО УСТЬЕ, УЛИЦА МЕЛИОРАТОРОВ, ДОМ 4, КВАРТИРА 10"",""addressId"":""111111"",""regionCode"":""34"",""regionName"":""Волгоградская"",""leaders"":""ЦЕХМИСТРЕНКО ФЕДОР СЕРГЕЕВИЧ"",""founders"":""АЛЕКСЕЕВ РОМАН МИХАЙЛОВИЧ; АКОПЯН АНДРЕЙ АНДРЕЕВИЧ; БУРЕНКОВ ВИТАЛИЙ НИКОЛАЕВИЧ; ВЕЧЕРИНИН АНДРЕЙ ИВАНОВИЧ; ВЕЧЕРИНИНА СВЕТЛАНА ЮРЬЕВНА; ДЗЮБАН ОЛЕГ СЕРГЕЕВИЧ; КОСВИН ЛЕОНИД ВЛАДИМИРОВИЧ; ЛАВРОВ СЕРГЕЙ ИВАНОВИЧ; САХАРОВ АРТЕМ ВИЛОРИКОВИЧ; СЕРКОВ НИКОЛАЙ АЛЕКСЕЕВИЧ"",""status"":null,""statusGroup"":""0"",""okvedCode"":""94.92   "",""okvedName"":""Деятельность политических организаций"",""okvedGroup"":""19""},{""id"":""23279293"",""type"":""organization"",""fullName"":""РЕГИОНАЛЬНОЕ ОТДЕЛЕНИЕ В ТВЕРСКОЙ ОБЛАСТИ ПОЛИТИЧЕСКОЙ ПАРТИИ \""ГРАЖДАНСКАЯ ПЛАТФОРМА\"""",""shortName"":""РЕГИОНАЛЬНОЕ ОТДЕЛЕНИЕ В ТВЕРСКОЙ ОБЛАСТИ ПАРТИИ \""ГРАЖДАНСКАЯ ПЛАТФОРМА\"", РЕГИОНАЛЬНОЕ ОТДЕЛЕНИЕ В ТВЕРСКОЙ ОБЛАСТИ ПП \""ГРАЖДАНСКАЯ ПЛАТФОРМА\"""",""inn"":""6950980849"",""kpp"":""695001001"",""ogrn"":""1126900001381"",""address"":""170100, ОБЛАСТЬ ТВЕРСКАЯ, ГОРОД ТВЕРЬ, УЛИЦА МОСКОВСКАЯ, ДОМ 1"",""addressId"":""111111"",""regionCode"":""69"",""regionName"":""Тверская"",""leaders"":""ЦЕХМИСТРЕНКО ФЕДОР СЕРГЕЕВИЧ"",""founders"":""АШУТОВ СЕРГЕЙ МАТВЕЕВИЧ; БАБКОВСКАЯ ЛЮДМИЛА ЮРЬЕВНА; ДРОННИКОВ ДМИТРИЙ СЕРГЕЕВИЧ; КИРИЧЕНКО ОЛЬГА ЛЕОНИДОВНА; КУБАРЕВ АЛЕКСАНДР СЕРГЕЕВИЧ; РЕВОНЕНКО СЕРГЕЙ НИКОЛАЕВИЧ; СИМОНИЯ АЛЕКСАНДР КУКУРИЕВИЧ; ТЕРЯЕВА ЕКАТЕРИНА АЛЕКСАНДРОВНА; ШИГОРЕВ АЛЕКСЕЙ ИВАНОВИЧ; ШИГОРЕВ НИКИТА АЛЕКСЕЕВИЧ"",""status"":null,""statusGroup"":""0"",""okvedCode"":""94.92   "",""okvedName"":""Деятельность политических организаций"",""okvedGroup"":""19""},{""id"":""23400343"",""type"":""organization"",""fullName"":""РЕГИОНАЛЬНОЕ ОТДЕЛЕНИЕ В КОСТРОМСКОЙ ОБЛАСТИ ПОЛИТИЧЕСКОЙ ПАРТИИ \""ГРАЖДАНСКАЯ ПЛАТФОРМА\"""",""shortName"":""РЕГИОНАЛЬНОЕ ОТДЕЛЕНИЕ В КОСТРОМСКОЙ ОБЛАСТИ ПАРТИИ \""ГРАЖДАНСКАЯ ПЛАТФОРМА\""; РЕГИОНАЛЬНОЕ ОТДЕЛЕНИЕ В КОСТРОМСКОЙ ОБЛАСТИ ПП \""ГРАЖДАНСКАЯ ПЛАТФОРМА\"""",""inn"":""4401115359"",""kpp"":""440101001"",""ogrn"":""1124400000581"",""address"":""156013, ОБЛАСТЬ КОСТРОМСКАЯ, ГОРОД КОСТРОМА, УЛИЦА СЕННАЯ, 22/22"",""addressId"":""111111"",""regionCode"":""44"",""regionName"":""Костромская"",""leaders"":""ЦЕХМИСТРЕНКО ФЕДОР СЕРГЕЕВИЧ"",""founders"":""БАБКИН СЕРГЕЙ АЛЕКСАНДРОВИЧ; КАЗМАЛЫ ИВАН СЕРГЕЕВИЧ; КУДАШЕВ МИХАИЛ ВЛАДИМИРОВИЧ; ЛОБОВ АНТОН СЕРГЕЕВИЧ; ЛУКАШЕВИЧ АЛЕКСЕЙ АЛЕКСАНДРОВИЧ; МОЛОКОВ МИХАИЛ ИГОРЕВИЧ; МУРЗИН МИХАИЛ ОЛЕГОВИЧ; СМИРНОВ АЛЕКСАНДР ЕВГЕНЬЕВИЧ; ТУШИН РОМАН АЛЕКСАНДРОВИЧ; ЧЕРИН МИХАИЛ ИГОРЕВИЧ"",""status"":null,""statusGroup"":""0"",""okvedCode"":""94.92   "",""okvedName"":""Деятельность политических организаций"",""okvedGroup"":""19""}]}"
https://dsvc-api.taxcom.ru/v1/planned-inspections/model-list;"{""paging"": {""item"": 0, ""rows"": 3}, ""filters"": {""id"": ""150500007456""}}";True;"{""paging"": {""item"": 0, ""rows"": 3, ""count"": 1}, ""items"": [{""id"": ""150500007456"", ""nameKO"": ""Межрегиональное управление № 99 Федерального медико-биологического агентства"", ""name"": ""Муниципальное казенное общеобразовательное учреждение \""Средняя общеобразовательная школа с углубленным изучением отдельных предметов №256 городского округа ЗАТО город Фокино\"""", ""address"": ""692880,край Приморский,г Фокино,ул Комсомольская,10"", ""ogrn"": ""1022500577230"", ""inn"": ""2512300843"", ""target"": ""Оценка соответствия выполнения обязательных требований, установленных законодательством Российской Федерации в сфере санитарно - эпидемиологического благополучия населения"", ""startDate"": ""2015-09-01T00:00:00.000Z"", ""duration"": ""20"", ""duration2"": """", ""kind"": ""В"", ""jointlyKO"": """", ""note"": """", ""dateTime"": ""2015-09-30T00:00:00.000Z"", ""place"": ""Территориальный отдел межрегионального управления № 99 ФМБА России в г. Большой Камень Приморского края"", ""wrongReason"": """", ""wrongAnother"": """", ""realStartDate"": ""2015-09-07T09:00:00.000Z"", ""realDuration"": ""6"", ""realAddress"": ""692880, Приморский край, ЗАТО г. Фокино, ул. Комсомольская, дом 10"", ""realInspectors"": ""Кестер Ольга Ивановна главный специалист-эксперт отдела санитарного надзора, Лазовицкая Елена Николаевна ведущий специалист-эксперт отдела санитарного надзора"", ""violations"": ""2""}]}"
https://dsvc-api.taxcom.ru/v1/planned-inspections/property-list/violation;"{""paging"": {""item"": 0, ""rows"": 3}, ""id"": ""150500007456""}";True;"{""paging"": {""item"": 0, ""rows"": 3, ""count"": 2}, ""items"": []}"
https://dsvc-api.taxcom.ru/v1/region/model-list;"{""paging"": {""item"": 0, ""rows"": 3}, ""filters"": {}}";True;"{""paging"": {""item"": 0, ""rows"": 3, ""count"": 92}, ""items"": [{""name"": ""Адыгея"", ""code"": ""01""}, {""name"": ""Алтай"", ""code"": ""04""}, {""name"": ""Алтайский"", ""code"": ""22""}]}"
https://dsvc-api.taxcom.ru/v1/rsmp/model-list;"{""paging"": {""item"": 0, ""rows"": 3}, ""filters"": {""inn"": ""232000373667""}}";True;"{""paging"": {""item"": 0, ""rows"": 3, ""count"": 1}, ""items"": [{""inn"": ""232000373667"", ""name"": ""Кузнецов Владимир Федорович"", ""type"": ""2"", ""category"": ""1"", ""date"": ""2018-06-10T00:00:00.000Z"", ""regDate"": ""2016-08-01T00:00:00.000Z"", ""newly"": ""2"", ""region"": ""23"", ""location"": "" "", ""city"": ""ГОРОД СОЧИ"", ""settlement"": null}]}"
https://dsvc-api.taxcom.ru/v1/status-group/model-list;"{""paging"": {""item"": 0, ""rows"": 3}, ""filters"": {}}";True;"{""paging"": {""item"": 0, ""rows"": 3, ""count"": 4}, ""items"": [{""id"": ""1"", ""description"": ""Действующее""}, {""id"": ""2"", ""description"": ""Находится в стадии ликвидации""}, {""id"": ""3"", ""description"": ""Ликвидировано""}]}"
https://dsvc-api.taxcom.ru/v1/trademarks/model-list;"{""paging"": {""item"": 0, ""rows"": 3}, ""filters"": {""ogrn"": ""1027700071530""}}";True;"{""paging"": {""item"": 0, ""rows"": 3, ""count"": 4}, ""items"": []}"
https://dsvc-api.taxcom.ru/v1/unplanned-inspections/model-list;"{""paging"": {""item"": 0, ""rows"": 3}, ""filters"": {""id"": ""160601387571""}}";True;"{""paging"": {""item"": 0, ""rows"": 3, ""count"": 1}, ""items"": [{""id"": ""160601387571"", ""nameKO"": ""Управление Федеральной службы по ветеринарному и фитосанитарному надзору по Тверской и Псковской областям"", ""name"": ""Государственное бюджетное профессиональное образовательное учреждение Псковской области \""Дновский железнодорожный техникум\"""", ""ogrn"": ""1026001742205"", ""inn"": ""6005000446"", ""address"": ""Псковская область, г. Дно, ул. Омельянюка, д. 8"", ""factAddress"": ""Псковская область, г. Дно, ул. Омельянюка, д. 8"", ""numRequest"": ""2922-GH"", ""dateRequest"": ""2016-02-17T00:00:00.000Z"", ""startDate"": ""2016-01-11T00:00:00.000Z"", ""endDate"": ""2016-01-29T00:00:00.000Z"", ""target"": ""Контроль исполнения предписания"", ""reason"": ""ч. 1, п. 1 ч. 2 ст. 10, ст. 11 ФЗ от 26.12.2008 № 294–ФЗ"", ""kind"": ""документарная"", ""signerTitle"": """", ""signerName"": """", ""addressKO"": """", ""inspectors"": """", ""dateTime"": ""2016-01-29T00:00:00.000Z"", ""place"": ""г. Псков, ул. Н. Васильева, д. 77"", ""wrongReason"": """", ""wrongAnother"": """", ""realStartDate"": ""2016-01-29T13:00:00.000Z"", ""realDuration"": ""3"", ""realAddress"": """", ""realInspectors"": ""Редькина Анна Владимировна - государственный инспектор отдела внутреннего государственного ветеринарного надзора"", ""violations"": ""0""}]}"
https://dsvc-api.taxcom.ru/v1/unplanned-inspections/property-list/violation;"{""paging"": {""item"": 0, ""rows"": 3}, ""id"": ""160601387571""}";True;"{""paging"": {""item"": 0, ""rows"": 3, ""count"": 0}, ""items"": []}"
